1	39
2	124
3	166
4	1878
5	988
6	210
7	162
8	90
9	2889
10	102
11	175
12	115
13	2805
14	104
15	210
16	1929
17	115
18	148
19	2046
20	1093
21	195
22	193
23	97
24	1949
25	2923
26	188
27	177
28	1689
29	1886
30	164
31	137
32	136
33	2616
34	1850
35	110
36	265
37	130
38	143
39	96
40	139
41	1629
42	2444
43	2267
44	130
45	154
46	147
47	2266
48	2229
49	144
50	4298
51	2691
52	68
53	76
54	584
55	3825
56	2888
57	117
58	227
59	3084
60	140
61	194
62	108
63	221
64	190
65	156
66	103
67	105
68	60
69	149
70	129
71	104
72	299
73	87
74	320
75	168
76	212
77	159
78	265
79	82
80	223
81	143
82	141
83	106
84	111
85	119
86	212
87	1110
88	184
89	144
90	101
91	397
92	83
93	114
94	183
95	102
96	6091
97	89
98	473
99	391
100	128
101	270
102	189
103	330
104	93
105	2457
106	96
107	114
108	357
109	148
110	137
111	139
112	115
113	149
114	104
115	135
116	577
117	131
118	221
119	149
120	154
121	110
122	271
123	269
124	250
125	140
126	83
127	116
128	223
129	131
130	143
131	113
132	242
133	137
134	185
135	96
136	96
137	142
138	154
139	102
140	270
141	149
142	310
143	80
144	126
145	187
146	155
147	141
148	228
149	107
150	108
151	243
152	90
153	116
154	1169
155	187
156	99
157	161
158	133
159	87
160	130
161	80
162	239
163	124
164	105
165	107
166	113
167	302
168	155
169	117
170	165
171	119
172	113
173	232
174	109
175	76
176	279
177	56
178	312
179	111
180	932
181	108
182	151
183	316
184	190
185	186
186	347
187	122
188	215
189	250
190	188
191	904
192	168
193	153
194	121
195	192
196	123
197	197
198	2749
199	159
200	131
201	271
202	120
203	361
204	100
205	137
206	172
207	114
208	80
209	2642
210	2802
211	97
212	82
213	2045
214	79
215	174
216	117
217	2612
218	5217
219	122
220	2197
221	87
222	128
223	103
224	2177
225	1695
226	115
227	166
228	109
229	1592
230	2312
231	103
232	74
233	158
234	225
235	1683
236	93
237	237
238	77
239	2376
240	1712
241	78
242	154
243	92
244	2293
245	415
246	80
247	90
248	115
249	1636
250	1945
251	3013
252	102
253	125
254	2948
255	4692
256	109
257	79
258	3847
259	1872
260	138
261	69
262	2772
263	3619
264	2097
265	115
266	109
267	2388
268	81
269	75
270	112
271	83
272	152
273	237
274	83
275	70
276	105
277	103
278	253
279	103
280	78
281	98
282	102
283	87
284	109
285	117
286	106
287	126
288	70
289	76
290	124
291	220
292	120
293	90
294	108
295	158
296	81
297	81
298	111
299	97
300	80
301	97
302	86
303	111
304	105
305	159
306	104
307	284
308	111
309	49
310	105
311	115
312	367
313	80
314	60
315	93
316	99
317	83
318	118
319	120
320	143
321	125
322	86
323	97
324	81
325	107
326	70
327	120
328	81
329	85
330	88
331	114
332	68
333	101
334	130
335	84
336	96
337	219
338	89
339	151
340	78
341	109
342	101
343	103
344	80
345	103
346	70
347	150
348	100
349	48
350	89
351	105
352	117
353	87
354	90
355	115
356	99
357	69
358	127
359	125
360	154
361	268
362	120
363	105
364	99
365	107
366	95
367	77
368	73
369	109
370	140
371	109
372	132
373	30
374	61
375	94
376	79
377	100
378	98
379	48
380	76
381	131
382	81
383	101
384	73
385	109
386	118
387	154
388	112
389	93
390	147
391	60
392	122
393	104
394	162
395	141
396	78
397	97
398	98
399	212
400	111
401	93
402	131
403	99
404	113
405	51
406	145
407	97
408	101
409	116
410	105
411	1199
412	2956
413	104
414	83
415	90
416	2017
417	116
418	102
419	1644
420	4148
421	84
422	100
423	3007
424	84
425	46
426	91
427	2168
428	2248
429	118
430	4558
431	2779
432	194
433	86
434	91
435	457
436	1564
437	116
438	88
439	2174
440	1675
441	124
442	104
443	1232
444	78
445	66
446	1498
447	2315
448	3731
449	101
450	2993
451	7140
452	123
453	95
454	94
455	3483
456	2270
457	115
458	106
459	2544
460	3308
461	2091
462	130
463	93
464	214
465	3373
466	115
467	88
468	184
469	88
470	178
471	94
472	90
473	80
474	127
475	540
476	159
477	180
478	70
479	80
480	41
481	109
482	98
483	81
484	106
485	97
486	99
487	90
488	98
489	86
490	2958
491	116
492	258
493	107
494	77
495	86
496	118
497	103
498	73
499	106
500	84
501	76
502	97
503	106
504	100
505	194
506	47
507	88
508	179
509	101
510	97
511	119
512	99
513	114
514	110
515	966
516	80
517	304
518	87
519	176
520	84
521	90
522	81
523	96
524	93
525	92
526	101
527	92
528	226
529	79
530	116
531	302
532	82
533	88
534	81
535	102
536	102
537	77
538	80
539	83
540	123
541	89
542	83
543	53
544	116
545	153
546	90
547	90
548	86
549	68
550	86
551	91
552	76
553	83
554	221
555	90
556	313
557	72
558	81
559	114
560	123
561	71
562	101
563	66
564	97
565	95
566	68
567	118
568	103
569	76
570	100
571	95
572	120
573	71
574	124
575	54
576	241
577	38
578	89
579	88
580	92
581	92
582	83
583	88
584	92
585	82
586	104
587	64
588	101
589	70
590	61
591	70
592	116
593	2160
594	1783
595	92
596	65
597	2366
598	134
599	77
600	2265
601	3422
602	543
603	79
604	3144
605	132
606	64
607	54
608	2431
609	1100
610	193
611	82
612	2446
613	2636
614	90
615	158
616	845
617	1400
618	95
619	74
620	109
621	2160
622	1396
623	1738
624	103
625	81
626	3129
627	2596
628	101
629	112
630	111
631	1857
632	2145
633	3566
634	294
635	3100
636	67
637	98
638	189
639	2526
640	2092
641	72
642	412
643	2500
644	3299
645	2466
646	118
647	2728
648	87
649	173
650	218
651	94
652	195
653	86
654	119
655	108
656	62
657	120
658	70
659	159
660	120
661	69
662	100
663	100
664	160
665	55
666	104
667	92
668	78
669	72
670	104
671	109
672	106
673	72
674	110
675	571
676	125
677	116
678	90
679	68
680	76
681	154
682	89
683	106
684	96
685	143
686	109
687	165
688	80
689	153
690	88
691	141
692	74
693	88
694	66
695	151
696	94
697	2589
698	85
699	94
700	99
701	83
702	100
703	285
704	101
705	103
706	98
707	78
708	72
709	265
710	259
711	94
712	117
713	88
714	105
715	85
716	108
717	91
718	82
719	75
720	223
721	94
722	151
723	146
724	68
725	174
726	83
727	80
728	117
729	75
730	82
731	116
732	81
733	213
734	149
735	79
736	1303
737	122
738	77
739	208
740	95
741	128
742	81
743	85
744	105
745	110
746	98
747	61
748	99
749	89
750	95
751	291
752	91
753	122
754	139
755	67
756	230
757	78
758	79
759	159
760	80
761	5311
762	87
763	3069
764	70
765	85
766	279
767	101
768	129
769	76
770	68
771	59
772	108
773	72
774	125
775	83
776	90
777	551
778	59
779	150
780	85
781	236
782	80
783	168
784	122
785	122
786	1189
787	2177
788	130
789	153
790	63
791	2181
792	83
793	103
794	83
795	2000
796	3371
797	80
798	103
799	65
800	83
801	152
802	2029
803	894
804	110
805	346
806	130
807	2862
808	3130
809	62
810	110
811	2188
812	1329
813	88
814	152
815	2613
816	1733
817	61
818	121
819	70
820	3607
821	3145
822	74
823	244
824	1975
825	2445
826	2933
827	160
828	193
829	84
830	1894
831	148
832	64
833	75
834	3411
835	2638
836	82
837	195
838	2535
839	2966
840	1751
841	41
842	3466
843	2839
844	61
845	66
846	136
847	120
848	101
849	119
850	606
851	102
852	98
853	479
854	88
855	589
856	109
857	79
858	77
859	89
860	246
861	98
862	134
863	74
864	173
865	154
866	194
867	37
868	431
869	142
870	134
871	95
872	71
873	160
874	84
875	61
876	156
877	60
878	88
879	57
880	103
881	98
882	137
883	69
884	87
885	74
886	161
887	151
888	70
889	75
890	103
891	96
892	87
893	59
894	106
895	117
896	67
897	64
898	126
899	63
900	123
901	191
902	91
903	70
904	117
905	125
906	89
907	70
908	96
909	96
910	88
911	62
912	73
913	159
914	125
915	60
916	153
917	2290
918	76
919	152
920	71
921	135
922	75
923	79
924	72
925	86
926	254
927	98
928	46
929	82
930	274
931	73
932	57
933	111
934	168
935	101
936	79
937	58
938	64
939	77
940	127
941	275
942	79
943	77
944	116
945	83
946	123
947	103
948	151
949	111
950	82
951	148
952	165
953	43
954	205
955	83
956	73
957	157
958	94
959	86
960	120
961	147
962	64
963	68
964	113
965	106
966	50
967	88
968	179
969	37
970	65
971	170
972	114
973	87
974	72
975	155
976	157
977	94
978	91
979	131
980	72
981	92
982	37
983	1255
984	77
985	67
986	137
987	128
988	1444
989	226
990	823
991	1941
992	256
993	85
994	147
995	1560
996	86
997	215
998	60
999	5959
1000	3447
1001	129
1002	62
1003	77
1004	204
1005	145
1006	126
1007	1906
1008	1523
1009	78
1010	347
1011	2248
1012	3111
1013	172
1014	147
1015	132
1016	1722
1017	1705
1018	105
1019	170
1020	60
1021	2639
1022	1817
1023	172
1024	106
1025	51
1026	1904
1027	142
1028	200
1029	119
1030	1870
1031	2038
1032	3380
1033	456
1034	263
1035	3678
1036	150
1037	136
1038	135
1039	3296
1040	2490
1041	146
1042	68
1043	3291
1044	2338
1045	2193
1046	168
1047	112
1048	84
1049	2936
1050	3570
1051	107
1052	126
1053	145
1054	116
1055	118
1056	215
1057	394
1058	154
1059	162
1060	408
1061	334
1062	134
1063	155
1064	162
1065	87
1066	130
1067	89
1068	137
1069	116
1070	151
1071	135
1072	204
1073	141
1074	136
1075	189
1076	126
1077	156
1078	118
1079	176
1080	277
1081	92
1082	249
1083	141
1084	98
1085	94
1086	80
1087	120
1088	128
1089	94
1090	78
1091	76
1092	107
1093	68
1094	107
1095	2740
1096	93
1097	111
1098	114
1099	97
1100	85
1101	180
1102	422
1103	329
1104	101
1105	212
1106	62
1107	371
1108	93
1109	88
1110	167
1111	207
1112	193
1113	95
1114	244
1115	2720
1116	426
1117	112
1118	117
1119	131
1120	157
1121	97
1122	131
1123	29
1124	105
1125	124
1126	250
1127	133
1128	127
1129	480
1130	88
1131	105
1132	182
1133	86
1134	131
1135	170
1136	107
1137	160
1138	138
1139	147
1140	509
1141	297
1142	118
1143	515
1144	297
1145	118
1146	121
1147	381
1148	33
1149	149
1150	64
1151	185
1152	254
1153	152
1154	122
1155	155
1156	80
1157	123
1158	65
1159	106
1160	152
1161	128
1162	163
1163	143
1164	52
1165	100
1166	139
1167	91
1168	85
1169	147
1170	259
1171	123
1172	217
1173	90
1174	147
1175	40
1176	85
1177	51
1178	84
1179	510
1180	205
1181	1150
1182	64
1183	62
1184	99
1185	88
1186	174
1187	96
1188	123
1189	148
1190	254
1191	70
1192	83
1193	134
1194	158
1195	109
1196	215
1197	343
1198	116
1199	280
1200	103
1201	59
1202	129
1203	155
1204	82
1205	89
1206	281
1207	344
1208	165
1209	131
1210	178
1211	1167
1212	1921
1213	156
1214	237
1215	839
1216	283
1217	220
1218	2285
1219	3319
1220	381
1221	71
1222	224
1223	396
1224	85
1225	153
1226	1776
1227	318
1228	147
1229	559
1230	308
1231	3007
1232	3130
1233	253
1234	99
1235	1635
1236	918
1237	143
1238	103
1239	552
1240	2046
1241	1286
1242	212
1243	653
1244	123
1245	1993
1246	123
1247	260
1248	110
1249	2147
1250	2700
1251	2657
1252	214
1253	222
1254	201
1255	2708
1256	1284
1257	342
1258	234
1259	4005
1260	2242
1261	86
1262	1201
1263	74
1264	1738
1265	2613
1266	2892
1267	217
1268	141
1269	191
1270	2122
1271	2138
1272	470
1273	99
1274	166
1275	230
1276	360
1277	211
1278	182
1279	81
1280	152
1281	68
1282	255
1283	202
1284	247
1285	83
1286	64
1287	564
1288	62
1289	107
1290	223
1291	100
1292	318
1293	96
1294	458
1295	948
1296	141
1297	508
1298	84
1299	493
1300	81
1301	66
1302	96
1303	356
1304	189
1305	208
1306	127
1307	219
1308	68
1309	538
1310	221
1311	89
1312	542
1313	109
1314	439
1315	139
1316	302
1317	302
1318	193
1319	304
1320	429
1321	129
1322	288
1323	915
1324	167
1325	224
1326	67
1327	448
1328	105
1329	61
1330	106
1331	382
1332	93
1333	118
1334	304
1335	169
1336	176
1337	82
1338	232
1339	88
1340	92
1341	431
1342	83
1343	297
1344	194
1345	155
1346	65
1347	1194
1348	105
1349	170
1350	152
1351	43
1352	347
1353	125
1354	282
1355	31
1356	388
1357	246
1358	103
1359	267
1360	292
1361	50
1362	144
1363	367
1364	119
1365	154
1366	87
1367	295
1368	91
1369	410
1370	92
1371	309
1372	83
1373	149
1374	175
1375	547
1376	123
1377	285
1378	214
1379	87
1380	185
1381	159
1382	664
1383	263
1384	244
1385	111
1386	78
1387	292
1388	76
1389	105
1390	123
1391	465
1392	109
1393	385
1394	103
1395	278
1396	73
1397	224
1398	92
1399	111
1400	118
1401	136
1402	522
1403	140
1404	207
1405	237
1406	234
1407	74
1408	182
1409	156
1410	214
1411	2196
1412	187
1413	94
1414	602
1415	87
1416	146
1417	102
1418	487
1419	159
1420	238
1421	55
1422	194
1423	89
1424	280
1425	71
1426	3453
1427	122
1428	118
1429	290
1430	188
1431	225
1432	411
1433	224
1434	1206
1435	2369
1436	117
1437	59
1438	176
1439	1873
1440	209
1441	254
1442	2642
1443	2758
1444	219
1445	238
1446	342
1447	3855
1448	145
1449	581
1450	123
1451	1489
1452	2254
1453	148
1454	363
1455	109
1456	3007
1457	2403
1458	361
1459	225
1460	115
1461	1791
1462	1486
1463	176
1464	145
1465	2473
1466	1536
1467	171
1468	695
1469	141
1470	1278
1471	2010
1472	355
1473	1933
1474	265
1475	2040
1476	1935
1477	4187
1478	553
1479	699
1480	286
1481	2085
1482	1547
1483	388
1484	136
1485	220
1486	3274
1487	2620
1488	157
1489	227
1490	2569
1491	2485
1492	183
1493	655
1494	457
1495	2668
1496	4055
1497	193
1498	807
1499	300
1500	257
1501	252
1502	527
1503	231
1504	137
1505	147
1506	200
1507	171
1508	219
1509	768
1510	251
1511	668
1512	234
1513	65
1514	567
1515	84
1516	1045
1517	472
1518	122
1519	193
1520	136
1521	329
1522	239
1523	325
1524	240
1525	530
1526	650
1527	159
1528	234
1529	341
1530	126
1531	257
1532	420
1533	173
1534	247
1535	260
1536	133
1537	298
1538	183
1539	131
1540	559
1541	185
1542	596
1543	357
1544	206
1545	334
1546	265
1547	215
1548	214
1549	224
1550	254
1551	394
1552	2208
1553	400
1554	832
1555	332
1556	234
1557	887
1558	235
1559	334
1560	237
1561	187
1562	87
1563	163
1564	330
1565	95
1566	227
1567	167
1568	451
1569	246
1570	395
1571	197
1572	195
1573	265
1574	226
1575	219
1576	314
1577	125
1578	172
1579	277
1580	914
1581	368
1582	203
1583	455
1584	240
1585	476
1586	207
1587	208
1588	426
1589	142
1590	152
1591	217
1592	104
1593	465
1594	71
1595	179
1596	393
1597	184
1598	407
1599	111
1600	277
1601	234
1602	286
1603	203
1604	234
1605	97
1606	156
1607	212
1608	334
1609	135
1610	117
1611	243
1612	285
1613	145
1614	424
1615	247
1616	67
1617	322
1618	255
1619	237
1620	142
1621	304
1622	246
1623	432
1624	352
1625	152
1626	96
1627	291
1628	158
1629	280
1630	533
1631	1007
1632	257
1633	302
1634	251
1635	86
1636	268
1637	211
1638	261
1639	446
1640	154
1641	108
1642	267
1643	253
1644	246
1645	388
1646	303
1647	266
1648	146
1649	502
1650	157
1651	386
1652	185
1653	214
1654	145
1655	147
1656	169
1657	2500
1658	383
1659	952
1660	778
1661	1664
1662	435
1663	490
1664	1881
1665	1234
1666	1280
1667	319
1668	558
1669	2820
1670	2809
1671	1965
1672	677
1673	1962
1674	828
1675	375
1676	633
1677	2060
1678	349
1679	794
1680	400
1681	3823
1682	2932
1683	425
1684	1264
1685	664
1686	1770
1687	1340
1688	1409
1689	876
1690	315
1691	2322
1692	1637
1693	395
1694	517
1695	1988
1696	713
1697	1334
1698	780
1699	2436
1700	2698
1701	2300
1702	555
1703	685
1704	540
1705	3167
1706	1936
1707	764
1708	890
1709	597
1710	3429
1711	2779
1712	897
1713	125
1714	4646
1715	2796
1716	2623
1717	2913
1718	316
1719	243
1720	2391
1721	2291
1722	5764
1723	620
1724	625
1725	992
1726	697
1727	624
1728	866
1729	2732
1730	596
1731	1030
1732	365
1733	545
1734	487
1735	955
1736	812
1737	924
1738	640
1739	651
1740	524
1741	3158
1742	526
1743	979
1744	1120
1745	4846
1746	149
1747	782
1748	1288
1749	755
1750	342
1751	112
1752	468
1753	626
1754	357
1755	677
1756	484
1757	1832
1758	261
1759	246
1760	290
1761	806
1762	743
1763	2561
1764	497
1765	842
1766	779
1767	1087
1768	771
1769	1059
1770	304
1771	488
1772	1068
1773	314
1774	889
1775	695
1776	765
1777	469
1778	790
1779	542
1780	619
1781	672
1782	952
1783	847
1784	819
1785	2068
1786	144
1787	650
1788	861
1789	685
1790	517
1791	773
1792	1145
1793	520
1794	640
1795	1318
1796	369
1797	678
1798	862
1799	1698
1800	533
1801	204
1802	574
1803	673
1804	980
1805	1657
1806	397
1807	696
1808	441
1809	453
1810	800
1811	444
1812	889
1813	556
1814	148
1815	820
1816	605
1817	832
1818	731
1819	14374
1820	664
1821	223
1822	269
1823	8119
1824	704
1825	385
1826	843
1827	380
1828	1419
1829	890
1830	7337
1831	330
1832	377
1833	719
1834	619
1835	493
1836	526
1837	1207
1838	983
1839	2793
1840	350
1841	617
1842	797
1843	215
1844	848
1845	919
1846	1718
1847	995
1848	403
1849	331
1850	501
1851	1179
1852	3193
1853	755
1854	801
1855	718
1856	851
1857	384
1858	318
1859	838
1860	482
1861	233
1862	684
1863	2527
1864	406
1865	5589
1866	199
1867	230
1868	659
1869	424
1870	644
1871	411
1872	6636
1873	620
1874	1889
1875	653
1876	613
1877	624
1878	2329
1879	502
1880	556
1881	153
1882	874
1883	761
1884	389
1885	896
1886	2257
1887	1385
1888	551
1889	328
1890	1181
1891	1447
1892	434
1893	277
1894	2624
1895	2289
1896	234
1897	2550
1898	336
1899	959
1900	808
1901	4634
1902	2049
1903	39
1904	524
1905	410
1906	3031
1907	2466
1908	500
1909	638
1910	691
1911	2333
1912	2003
1913	236
1914	479
1915	362
1916	1974
1917	1602
1918	558
1919	272
1920	661
1921	1772
1922	219
1923	751
1924	1342
1925	1694
1926	2596
1927	307
1928	1048
1929	804
1930	2378
1931	2335
1932	787
1933	269
1934	263
1935	4575
1936	2436
1937	580
1938	320
1939	180
1940	2614
1941	2167
1942	2580
1943	1916
1944	403
1945	646
1946	1334
1947	596
1948	778
1949	360
1950	1132
1951	548
1952	521
1953	1010
1954	497
1955	545
1956	3723
1957	568
1958	525
1959	425
1960	1421
1961	746
1962	2124
1963	724
1964	640
1965	353
1966	643
1967	221
1968	1149
1969	1314
1970	747
1971	249
1972	722
1973	441
1974	1071
1975	821
1976	184
1977	708
1978	519
1979	2817
1980	379
1981	711
1982	456
1983	255
1984	885
1985	292
1986	602
1987	236
1988	492
1989	356
1990	239
1991	1192
1992	1318
1993	879
1994	1192
1995	514
1996	693
1997	431
1998	456
1999	479
2000	310
2001	788
2002	373
2003	938
2004	217
2005	263
2006	225
2007	1831
2008	537
2009	932
2010	1726
2011	512
2012	698
2013	254
2014	866
2015	699
2016	960
2017	594
2018	1393
2019	502
2020	580
2021	373
2022	259
2023	513
2024	606
2025	850
2026	612
2027	434
2028	640
2029	1111
2030	283
2031	835
2032	345
2033	550
2034	701
2035	2731
2036	355
2037	496
2038	30
2039	299
2040	828
2041	563
2042	348
2043	349
2044	859
2045	274
2046	871
2047	742
2048	531
2049	559
2050	508
2051	591
2052	348
2053	489
2054	483
2055	328
2056	967
2057	591
2058	412
2059	1115
2060	715
2061	270
2062	679
2063	1166
2064	2144
2065	373
2066	688
2067	386
2068	1943
2069	522
2070	362
2071	242
2072	629
2073	926
2074	1238
2075	634
2076	280
2077	498
2078	582
2079	553
2080	657
2081	38
2082	271
2083	365
2084	567
2085	267
2086	265
2087	473
2088	707
2089	223
2090	913
2091	215
2092	325
2093	1591
2094	135
2095	465
2096	491
2097	199
2098	700
2099	1051
2100	564
2101	643
2102	635
2103	331
2104	757
2105	279
2106	905
2107	2269
2108	1249
2109	761
2110	1219
2111	2103
2112	2213
2113	1984
2114	1217
2115	215
2116	841
2117	273
2118	2609
2119	2547
2120	1285
2121	3363
2122	2387
2123	929
2124	1964
2125	1610
2126	1979
2127	2273
2128	2069
2129	488
2130	575
2131	1846
2132	576
2133	2517
2134	2840
2135	2260
2136	852
2137	2736
2138	1446
2139	952
2140	4315
2141	2456
2142	1339
2143	2178
2144	3217
2145	3311
2146	362
2147	1665
2148	2460
2149	1055
2150	1570
2151	1272
2152	112
2153	256
2154	1411
2155	436
2156	752
2157	321
2158	992
2159	977
2160	1288
2161	509
2162	950
2163	421
2164	639
2165	206
2166	453
2167	871
2168	2261
2169	1039
2170	689
2171	237
2172	754
2173	234
2174	1404
2175	427
2176	639
2177	1020
2178	760
2179	714
2180	806
2181	1289
2182	982
2183	121
2184	559
2185	296
2186	829
2187	539
2188	178
2189	163
2190	840
2191	1128
2192	869
2193	803
2194	394
2195	1078
2196	550
2197	240
2198	762
2199	815
2200	754
2201	1055
2202	980
2203	258
2204	4672
2205	2271
2206	848
2207	670
2208	1138
2209	1414
2210	750
2211	307
2212	574
2213	302
2214	1781
2215	832
2216	1398
2217	931
2218	670
2219	527
2220	577
2221	1379
2222	229
2223	2782
2224	998
2225	739
2226	1039
2227	251
2228	848
2229	676
2230	1383
2231	1788
2232	1521
2233	1783
2234	2511
2235	2114
2236	2039
2237	3427
2238	2814
2239	1006
2240	1665
2241	2469
2242	1451
2243	1662
2244	1480
2245	2075
2246	1602
2247	2364
2248	1966
2249	4459
2250	2917
2251	3023
2252	2969
2253	2403
2254	2396
2255	606
2256	2142
2257	1822
2258	4008
2259	2070
2260	2104
2261	2809
2262	1852
2263	4206
2264	2703
2265	1212
2266	1782
2267	2090
2268	2158
2269	1703
2270	1603
2271	2986
2272	1155
2273	2695
2274	2618
2275	4208
2276	2467
2277	2951
2278	2807
2279	3451
2280	2270
2281	667
2282	888
2283	1961
2284	1813
2285	2840
2286	3531
2287	3522
2288	2664
2289	3496
2290	1929
2291	1896
2292	1564
2293	2250
2294	1735
2295	2563
2296	288
2297	2725
2298	2473
2299	2817
2300	1966
2301	4333
2302	2653
2303	2372
2304	2650
2305	2845
2306	3035
2307	1349
2308	1325
2309	710
2310	1695
2311	2295
2312	4284
2313	2655
2314	1965
2315	2575
2316	2209
2317	1716
2318	1964
2319	2400
2320	1819
2321	2359
2322	1326
2323	2571
2324	2730
2325	2494
2326	3105
2327	3847
2328	2724
2329	2602
2330	3197
2331	2455
2332	945
2333	1351
2334	1292
2335	2333
2336	3411
2337	2923
2338	2163
2339	2370
2340	1863
2341	2064
2342	1764
2343	1262
2344	1644
2345	1921
2346	1594
2347	1956
2348	2177
2349	3387
2350	3571
2351	3070
2352	3551
2353	870
2354	2870
2355	2605
2356	297
2357	2695
2358	751
2359	3128
2360	2330
2361	3441
2362	3353
2363	1464
2364	2823
2365	2132
2366	3330
2367	2160
2368	1865
2369	1894
2370	1588
2371	2029
2372	1958
2373	2852
2374	1947
2375	2729
2376	3515
2377	3107
2378	3821
2379	3016
2380	1709
2381	401
2382	353
2383	2070
2384	2697
2385	2655
2386	3882
2387	2043
2388	5134
2389	3592
2390	2315
2391	2007
2392	1528
2393	2208
2394	2427
2395	1605
2396	2208
2397	1689
2398	1448
2399	2161
2400	677
2401	3588
2402	3348
2403	533
2404	2955
2405	2840
2406	3665
2407	6260
2408	920
2409	2104
2410	1709
2411	2723
2412	4230
2413	1884
2414	3606
2415	1941
2416	1363
2417	2483
2418	2053
2419	1606
2420	2131
2421	2018
2422	1661
2423	2575
2424	1924
2425	2274
2426	4678
2427	2708
2428	2988
2429	1953
2430	3149
2431	879
2432	2231
2433	3735
2434	2221
2435	4079
2436	549
2437	1812
2438	2303
2439	1879
2440	2159
2441	1955
2442	2298
2443	2093
2444	1705
2445	2324
2446	1454
2447	1359
2448	2862
2449	4386
2450	3327
2451	2119
2452	2693
2453	1860
2454	2217
2455	1728
2456	3085
2457	3525
2458	2426
2459	4650
2460	5410
2461	1016
2462	4610
2463	1873
2464	2567
2465	2009
2466	2011
2467	1721
2468	2640
2469	1346
2470	871
2471	1681
2472	597
2473	2846
2474	3487
2475	2487
2476	2038
2477	3633
2478	2722
2479	3371
2480	2089
2481	952
2482	1901
2483	3547
2484	3645
2485	1519
2486	3704
2487	3417
2488	2053
2489	56
2490	1711
2491	2300
2492	1677
2493	1679
2494	2379
2495	1328
2496	272
2497	1567
2498	350
2499	3204
2500	766
2501	3761
2502	2908
2503	2589
2504	2679
2505	2479
2506	1973
2507	2112
2508	1218
2509	1783
2510	1893
2511	2332
2512	3644
2513	3209
2514	1441
2515	1619
2516	1517
2517	1466
2518	2705
2519	2147
2520	2409
2521	1546
2522	2512
2523	3698
2524	3675
2525	1952
2526	1319
2527	3361
2528	2608
2529	2842
2530	767
2531	2316
2532	956
2533	2021
2534	1853
2535	2914
2536	1791
2537	1950
2538	1308
2539	1854
2540	1612
2541	2449
2542	2332
2543	1524
2544	1627
2545	2225
2546	2541
2547	2691
2548	3437
2549	3474
2550	2885
2551	2858
2552	2674
2553	2311
2554	2564
2555	1984
2556	2644
2557	3029
2558	1603
2559	2732
2560	450
2561	1790
2562	1661
2563	1444
2564	1250
2565	2699
2566	1116
2567	280
2568	1516
2569	2374
2570	2750
2571	2945
2572	3169
2573	3625
2574	3100
2575	3126
2576	3576
2577	2965
2578	2265
2579	1947
2580	2264
2581	1164
2582	2844
2583	3565
2584	2531
2585	1906
2586	2367
2587	2188
2588	1424
2589	2043
2590	1463
2591	2531
2592	1470
2593	958
2594	1655
2595	1864
2596	2998
2597	1909
2598	2884
2599	3228
2600	2393
2601	3273
2602	2483
2603	2462
2604	1664
2605	3011
2606	3088
2607	3908
2608	2975
2609	2057
2610	1761
2611	2229
2612	1963
2613	2697
2614	1915
2615	1851
2616	1009
2617	1588
2618	2304
2619	1711
2620	2100
2621	2167
2622	3072
2623	2893
2624	2899
2625	3025
2626	3079
2627	2790
2628	3039
2629	2943
2630	3218
2631	2296
2632	2553
2633	3686
2634	1863
2635	2249
2636	3029
2637	2356
2638	1746
2639	1629
2640	1852
2641	2304
2642	2329
2643	2258
2644	1695
2645	2360
2646	3045
2647	2505
2648	2313
2649	2930
2650	3142
2651	2999
2652	2831
2653	4997
2654	2698
2655	1928
2656	1869
2657	1525
2658	785
2659	2317
2660	1523
2661	2732
2662	1773
2663	2074
2664	2469
2665	1595
2666	1970
2667	1991
2668	1604
2669	2029
2670	951
2671	2713
2672	2963
2673	2731
2674	3102
2675	2568
2676	3137
2677	2410
2678	3726
2679	1248
2680	2436
2681	2900
2682	3201
2683	3643
2684	1404
2685	2407
2686	2417
2687	1935
2688	2853
2689	1430
2690	1514
2691	1408
2692	2068
2693	1696
2694	1968
2695	3631
2696	3044
2697	2057
2698	3142
2699	3080
2700	2406
2701	3699
2702	3695
2703	4288
2704	3338
2705	2518
2706	2171
2707	3375
2708	2388
2709	1434
2710	2004
2711	3508
2712	2523
2713	2768
2714	2344
2715	1539
2716	1400
2717	2152
2718	1618
2719	2299
2720	1742
2721	2860
2722	2092
2723	3811
2724	2411
2725	2180
2726	3409
2727	3239
2728	3006
2729	830
2730	2207
2731	1650
2732	2472
2733	1721
2734	2157
2735	2802
2736	2543
2737	1051
2738	1550
2739	1974
2740	1843
2741	1833
2742	2951
2743	1657
2744	1740
2745	1602
2746	3394
2747	2767
2748	1963
2749	3831
2750	3129
2751	3488
2752	969
2753	1690
2754	2189
2755	4623
2756	1336
2757	1981
2758	2280
2759	2563
2760	1944
2761	1575
2762	1314
2763	1918
2764	2063
2765	2606
2766	1795
2767	2829
2768	2188
2769	3314
2770	2615
2771	2194
2772	3774
2773	2991
2774	2874
2775	444
2776	1132
2777	962
2778	2611
2779	2699
2780	3201
2781	2408
2782	3148
2783	2757
2784	3162
2785	1400
2786	2252
2787	2118
2788	1594
2789	1749
2790	2262
2791	1678
2792	2215
2793	3286
2794	2810
2795	1967
2796	3118
2797	3266
2798	3778
2799	525
2800	3129
2801	2178
2802	3370
2803	2386
2804	2021
2805	2378
2806	2409
2807	2351
2808	2371
2809	2575
2810	1573
2811	2196
2812	2260
2813	1779
2814	1759
2815	1389
2816	1672
2817	1392
2818	2999
2819	2753
2820	608
2821	2852
2822	2876
2823	3836
2824	273
2825	1741
2826	2312
2827	3014
2828	1903
2829	3070
2830	2570
2831	2481
2832	2872
2833	1684
2834	1480
2835	1858
2836	1724
2837	2089
2838	2782
2839	2085
2840	2877
2841	3746
2842	3121
2843	146
2844	2449
2845	3252
2846	3121
2847	536
2848	1743
2849	1905
2850	2439
2851	1387
2852	3353
2853	6601
2854	2414
2855	2354
2856	2710
2857	1408
2858	1621
2859	2608
2860	2067
2861	1611
2862	1999
2863	1718
2864	1576
2865	2295
2866	3492
2867	2722
2868	2618
2869	2415
2870	3847
2871	524
2872	1690
2873	2347
2874	1994
2875	4223
2876	1694
2877	7743
2878	2766
2879	1780
2880	2386
2881	1958
2882	1548
2883	1435
2884	2809
2885	1230
2886	2021
2887	2303
2888	1159
2889	3402
2890	3003
2891	3033
2892	3143
2893	3083
2894	3526
2895	358
2896	1871
2897	2002
2898	3252
2899	1872
2900	10713
2901	2933
2902	2217
2903	3165
2904	1329
2905	1210
2906	2068
2907	2224
2908	1665
2909	1674
2910	2074
2911	2028
2912	2245
2913	2789
2914	2399
2915	2911
2916	2928
2917	2604
2918	819
2919	945
2920	2729
2921	3335
2922	2038
2923	8481
2924	6089
2925	2958
2926	2133
2927	2863
2928	1923
2929	2047
2930	1469
2931	1730
2932	2188
2933	2665
2934	2743
2935	1891
2936	3388
2937	3273
2938	2915
2939	2259
2940	2917
2941	1967
2942	2082
2943	1629
2944	2639
2945	3928
2946	1874
2947	6326
2948	2434
2949	3649
2950	2249
2951	1388
2952	1946
2953	1625
2954	2093
2955	2556
2956	2035
2957	1968
2958	2012
2959	1518
2960	2877
2961	2286
2962	2488
2963	2728
2964	3472
2965	3206
2966	1251
2967	1795
2968	3094
2969	2884
2970	5757
2971	1761
2972	9165
2973	3289
2974	3590
2975	1794
2976	29
2977	447
2978	2058
2979	2408
2980	1472
2981	1886
2982	1325
2983	2890
2984	2487
2985	6081
2986	2510
2987	2840
2988	2884
2989	3751
2990	3445
2991	227
2992	297
2993	1584
2994	108
2995	334
2996	119
2997	2171
2998	191
2999	100
3000	200
3001	2830
3002	2384
3003	162
3004	124
3005	128
3006	1952
3007	111
3008	182
3009	146
3010	778
3011	5741
3012	571
3013	126
3014	4290
3015	1901
3016	209
3017	102
3018	151
3019	1963
3020	2055
3021	164
3022	89
3023	2178
3024	1644
3025	233
3026	268
3027	121
3028	1741
3029	1682
3030	108
3031	176
3032	1986
3033	89
3034	150
3035	96
3036	2296
3037	2736
3038	2565
3039	181
3040	264
3041	200
3042	3051
3043	2994
3044	195
3045	102
3046	1194
3047	2857
3048	195
3049	182
3050	114
3051	2668
3052	1150
3053	136
3054	219
3055	256
3056	112
3057	114
3058	201
3059	219
3060	96
3061	95
3062	132
3063	100
3064	285
3065	330
3066	101
3067	255
3068	115
3069	351
3070	118
3071	175
3072	104
3073	256
3074	96
3075	843
3076	99
3077	97
3078	163
3079	132
3080	501
3081	535
3082	256
3083	108
3084	79
3085	98
3086	270
3087	118
3088	155
3089	153
3090	170
3091	133
3092	258
3093	157
3094	123
3095	276
3096	156
3097	369
3098	182
3099	118
3100	166
3101	95
3102	183
3103	145
3104	184
3105	92
3106	97
3107	391
3108	134
3109	1563
3110	126
3111	181
3112	99
3113	144
3114	146
3115	221
3116	81
3117	160
3118	51
3119	138
3120	97
3121	206
3122	153
3123	959
3124	117
3125	169
3126	137
3127	226
3128	126
3129	187
3130	394
3131	60
3132	185
3133	115
3134	160
3135	104
3136	105
3137	117
3138	201
3139	138
3140	104
3141	118
3142	105
3143	105
3144	94
3145	268
3146	155
3147	1822
3148	102
3149	180
3150	101
3151	88
3152	99
3153	210
3154	135
3155	783
3156	217
3157	172
3158	279
3159	109
3160	116
3161	74
3162	140
3163	97
3164	110
3165	1598
3166	146
3167	126
3168	337
3169	2013
3170	643
3171	93
3172	118
3173	158
3174	85
3175	137
3176	113
3177	129
3178	143
3179	204
3180	205
3181	1102
3182	129
3183	150
3184	10005
3185	178
3186	112
3187	93
3188	165
3189	158
3190	116
3191	122
3192	212
3193	240
3194	121
3195	1524
3196	110
3197	108
3198	1599
3199	95
3200	2980
3201	298
3202	92
3203	119
3204	1539
3205	86
3206	153
3207	70
3208	7732
3209	2130
3210	92
3211	53
3212	2363
3213	1608
3214	136
3215	106
3216	107
3217	18
3218	2426
3219	121
3220	93
3221	80
3222	1706
3223	2078
3224	78
3225	77
3226	92
3227	1712
3228	1625
3229	93
3230	107
3231	117
3232	2551
3233	1662
3234	122
3235	123
3236	66
3237	2327
3238	3558
3239	2877
3240	82
3241	85
3242	121
3243	3912
3244	2938
3245	108
3246	80
3247	93
3248	1779
3249	2889
3250	94
3251	138
3252	2793
3253	2833
3254	92
3255	133
3256	139
3257	82
3258	112
3259	92
3260	118
3261	93
3262	71
3263	94
3264	159
3265	136
3266	73
3267	143
3268	85
3269	87
3270	142
3271	83
3272	100
3273	96
3274	104
3275	87
3276	97
3277	159
3278	84
3279	93
3280	221
3281	98
3282	89
3283	90
3284	104
3285	76
3286	121
3287	116
3288	142
3289	222
3290	90
3291	103
3292	77
3293	103
3294	147
3295	170
3296	108
3297	84
3298	142
3299	127
3300	154
3301	83
3302	68
3303	91
3304	76
3305	115
3306	86
3307	101
3308	78
3309	128
3310	97
3311	29
3312	75
3313	103
3314	61
3315	97
3316	76
3317	99
3318	84
3319	117
3320	158
3321	140
3322	95
3323	93
3324	87
3325	122
3326	57
3327	99
3328	112
3329	83
3330	137
3331	137
3332	76
3333	130
3334	109
3335	87
3336	7274
3337	121
3338	734
3339	64
3340	112
3341	155
3342	147
3343	84
3344	126
3345	108
3346	93
3347	85
3348	124
3349	97
3350	123
3351	102
3352	92
3353	84
3354	98
3355	93
3356	76
3357	97
3358	85
3359	127
3360	78
3361	115
3362	81
3363	135
3364	82
3365	106
3366	124
3367	87
3368	84
3369	90
3370	73
3371	91
3372	100
3373	146
3374	90
3375	125
3376	72
3377	80
3378	96
3379	107
3380	109
3381	91
3382	102
3383	77
3384	111
3385	143
3386	113
3387	81
3388	100
3389	84
3390	87
3391	80
3392	137
3393	107
3394	120
3395	69
3396	123
3397	80
3398	84
3399	130
3400	2062
3401	104
3402	82
3403	105
3404	110
3405	2417
3406	105
3407	58
3408	2551
3409	100
3410	124
3411	1603
3412	129
3413	94
3414	80
3415	3008
3416	2406
3417	106
3418	77
3419	2308
3420	1638
3421	112
3422	75
3423	72
3424	2558
3425	1625
3426	80
3427	301
3428	1427
3429	2207
3430	116
3431	97
3432	2328
3433	1636
3434	112
3435	93
3436	1909
3437	1612
3438	69
3439	117
3440	2991
3441	1558
3442	1513
3443	96
3444	76
3445	3702
3446	2922
3447	86
3448	59
3449	78
3450	1855
3451	2432
3452	97
3453	3263
3454	1128
3455	109
3456	350
3457	120
3458	116
3459	162
3460	105
3461	86
3462	76
3463	97
3464	99
3465	70
3466	108
3467	142
3468	89
3469	87
3470	100
3471	234
3472	424
3473	84
3474	112
3475	91
3476	64
3477	92
3478	100
3479	87
3480	98
3481	1026
3482	79
3483	115
3484	126
3485	90
3486	111
3487	88
3488	45
3489	129
3490	130
3491	72
3492	93
3493	75
3494	98
3495	101
3496	98
3497	85
3498	1771
3499	115
3500	86
3501	101
3502	253
3503	95
3504	89
3505	107
3506	106
3507	126
3508	116
3509	113
3510	87
3511	123
3512	68
3513	229
3514	62
3515	189
3516	75
3517	117
3518	92
3519	78
3520	105
3521	105
3522	84
3523	102
3524	85
3525	97
3526	76
3527	110
3528	621
3529	72
3530	49
3531	108
3532	97
3533	99
3534	80
3535	52
3536	70
3537	102
3538	165
3539	125
3540	83
3541	73
3542	101
3543	123
3544	108
3545	68
3546	97
3547	74
3548	84
3549	79
3550	135
3551	103
3552	106
3553	78
3554	98
3555	75
3556	111
3557	96
3558	76
3559	103
3560	58
3561	59
3562	112
3563	178
3564	127
3565	60
3566	88
3567	100
3568	101
3569	100
3570	103
3571	84
3572	94
3573	85
3574	75
3575	114
3576	81
3577	100
3578	87
3579	73
3580	103
3581	108
3582	81
3583	67
3584	78
3585	85
3586	154
3587	110
3588	275
3589	64
3590	2126
3591	1229
3592	74
3593	595
3594	74
3595	2608
3596	82
3597	82
3598	97
3599	2395
3600	2813
3601	83
3602	185
3603	1973
3604	91
3605	128
3606	5473
3607	2665
3608	136
3609	75
3610	2644
3611	1934
3612	79
3613	600
3614	67
3615	1159
3616	1565
3617	78
3618	173
3619	1712
3620	1798
3621	65
3622	139
3623	64
3624	1851
3625	1940
3626	84
3627	100
3628	2250
3629	89
3630	108
3631	77
3632	2683
3633	2686
3634	2056
3635	163
3636	132
3637	2797
3638	3380
3639	118
3640	166
3641	59
3642	2048
3643	2428
3644	194
3645	109
3646	93
3647	3111
3648	2992
3649	104
3650	60
3651	207
3652	99
3653	127
3654	59
3655	89
3656	54
3657	50
3658	135
3659	112
3660	74
3661	153
3662	64
3663	131
3664	596
3665	96
3666	90
3667	123
3668	123
3669	99
3670	91
3671	77
3672	130
3673	74
3674	98
3675	93
3676	84
3677	136
3678	112
3679	106
3680	87
3681	110
3682	135
3683	88
3684	116
3685	145
3686	79
3687	115
3688	73
3689	103
3690	73
3691	1887
3692	68
3693	77
3694	112
3695	148
3696	75
3697	135
3698	101
3699	348
3700	23
3701	76
3702	135
3703	69
3704	63
3705	99
3706	1010
3707	119
3708	488
3709	81
3710	88
3711	130
3712	196
3713	98
3714	116
3715	172
3716	106
3717	102
3718	61
3719	509
3720	91
3721	506
3722	116
3723	134
3724	65
3725	64
3726	134
3727	67
3728	111
3729	62
3730	98
3731	90
3732	229
3733	130
3734	139
3735	81
3736	4348
3737	58
3738	107
3739	122
3740	71
3741	83
3742	120
3743	116
3744	85
3745	175
3746	101
3747	129
3748	110
3749	77
3750	680
3751	72
3752	90
3753	151
3754	75
3755	108
3756	215
3757	124
3758	74
3759	127
3760	90
3761	79
3762	109
3763	107
3764	80
3765	117
3766	227
3767	90
3768	85
3769	1070
3770	81
3771	77
3772	83
3773	96
3774	109
3775	107
3776	85
3777	106
3778	137
3779	106
3780	75
3781	628
3782	75
3783	123
3784	154
3785	1124
3786	91
3787	133
3788	121
3789	1708
3790	73
3791	124
3792	2341
3793	3109
3794	74
3795	356
3796	103
3797	2033
3798	77
3799	78
3800	1237
3801	2567
3802	129
3803	94
3804	2408
3805	2165
3806	109
3807	128
3808	4472
3809	1068
3810	60
3811	195
3812	1742
3813	1832
3814	142
3815	133
3816	80
3817	1633
3818	1672
3819	78
3820	78
3821	1769
3822	1049
3823	220
3824	91
3825	3173
3826	1297
3827	2695
3828	172
3829	142
3830	123
3831	2706
3832	2938
3833	120
3834	744
3835	65
3836	745
3837	3036
3838	96
3839	81
3840	131
3841	3260
3842	3324
3843	102
3844	65
3845	76
3846	60
3847	103
3848	116
3849	74
3850	91
3851	90
3852	95
3853	136
3854	325
3855	376
3856	113
3857	72
3858	64
3859	65
3860	98
3861	66
3862	142
3863	68
3864	50
3865	101
3866	71
3867	482
3868	107
3869	210
3870	126
3871	61
3872	118
3873	55
3874	79
3875	382
3876	97
3877	197
3878	74
3879	90
3880	91
3881	116
3882	94
3883	341
3884	125
3885	80
3886	73
3887	67
3888	110
3889	137
3890	100
3891	70
3892	80
3893	56
3894	71
3895	89
3896	112
3897	96
3898	21
3899	64
3900	131
3901	87
3902	28
3903	124
3904	103
3905	118
3906	110
3907	120
3908	31
3909	29
3910	82
3911	1378
3912	86
3913	157
3914	76
3915	73
3916	296
3917	74
3918	68
3919	114
3920	52
3921	129
3922	93
3923	66
3924	87
3925	157
3926	79
3927	134
3928	59
3929	127
3930	80
3931	56
3932	121
3933	73
3934	142
3935	127
3936	51
3937	100
3938	66
3939	65
3940	64
3941	172
3942	245
3943	57
3944	75
3945	72
3946	69
3947	107
3948	85
3949	90
3950	154
3951	115
3952	71
3953	62
3954	116
3955	114
3956	59
3957	32
3958	94
3959	68
3960	258
3961	70
3962	163
3963	249
3964	130
3965	118
3966	77
3967	127
3968	68
3969	75
3970	95
3971	64
3972	588
3973	77
3974	84
3975	167
3976	94
3977	159
3978	251
3979	133
3980	84
3981	96
3982	120
3983	124
3984	83
3985	82
3986	84
3987	215
3988	78
3989	323
3990	865
3991	235
3992	126
3993	1750
3994	204
3995	56
3996	97
3997	3623
3998	2678
3999	128
4000	103
4001	90
4002	2175
4003	266
4004	98
4005	92
4006	15697
4007	2174
4008	129
4009	195
4010	136
4011	3794
4012	1838
4013	84
4014	90
4015	2834
4016	1207
4017	153
4018	136
4019	143
4020	1708
4021	2118
4022	441
4023	110
4024	69
4025	2026
4026	1924
4027	75
4028	152
4029	262
4030	1803
4031	105
4032	141
4033	1484
4034	3632
4035	1899
4036	2735
4037	142
4038	130
4039	2495
4040	2553
4041	243
4042	100
4043	1258
4044	3155
4045	362
4046	173
4047	166
4048	3525
4049	1191
4050	133
4051	226
4052	108
4053	115
4054	65
4055	101
4056	94
4057	142
4058	148
4059	111
4060	135
4061	201
4062	173
4063	121
4064	319
4065	73
4066	189
4067	163
4068	307
4069	86
4070	108
4071	118
4072	222
4073	66
4074	245
4075	110
4076	96
4077	177
4078	94
4079	152
4080	81
4081	133
4082	107
4083	127
4084	196
4085	230
4086	94
4087	286
4088	77
4089	87
4090	238
4091	108
4092	142
4093	107
4094	76
4095	84
4096	62
4097	190
4098	54
4099	86
4100	53
4101	66
4102	62
4103	89
4104	196
4105	121
4106	358
4107	93
4108	503
4109	90
4110	268
4111	134
4112	209
4113	113
4114	140
4115	195
4116	132
4117	285
4118	136
4119	99
4120	91
4121	160
4122	109
4123	76
4124	115
4125	224
4126	119
4127	128
4128	893
4129	102
4130	198
4131	150
4132	251
4133	170
4134	182
4135	15
4136	68
4137	61
4138	844
4139	315
4140	128
4141	208
4142	74
4143	128
4144	148
4145	105
4146	196
4147	167
4148	112
4149	336
4150	200
4151	63
4152	166
4153	123
4154	367
4155	56
4156	146
4157	105
4158	162
4159	83
4160	84
4161	119
4162	126
4163	113
4164	54
4165	110
4166	260
4167	251
4168	175
4169	117
4170	56
4171	418
4172	73
4173	108
4174	189
4175	221
4176	150
4177	121
4178	116
4179	72
4180	121
4181	98
4182	68
4183	158
4184	73
4185	143
4186	91
4187	224
4188	83
4189	76
4190	122
4191	593
4192	284
4193	79
4194	139
4195	48
4196	110
4197	71
4198	67
4199	93
4200	256
4201	56
4202	157
4203	171
4204	152
4205	104
4206	63
4207	120
4208	100
4209	375
4210	308
4211	93
4212	1717
4213	3321
4214	64
4215	270
4216	175
4217	1468
4218	698
4219	126
4220	3157
4221	2783
4222	408
4223	117
4224	392
4225	1537
4226	46
4227	353
4228	63
4229	9280
4230	2886
4231	50
4232	344
4233	70
4234	1577
4235	2193
4236	272
4237	233
4238	365
4239	2305
4240	1869
4241	78
4242	288
4243	2035
4244	2196
4245	123
4246	730
4247	38
4248	1666
4249	1898
4250	481
4251	149
4252	89
4253	2081
4254	265
4255	58
4256	219
4257	2993
4258	3466
4259	2315
4260	110
4261	277
4262	122
4263	2159
4264	3034
4265	285
4266	119
4267	2747
4268	51
4269	75
4270	174
4271	2859
4272	86
4273	10
4274	241
4275	171
4276	118
4277	483
4278	166
4279	89
4280	193
4281	375
4282	120
4283	189
4284	90
4285	263
4286	131
4287	311
4288	118
4289	94
4290	693
4291	188
4292	112
4293	114
4294	378
4295	242
4296	240
4297	92
4298	1073
4299	234
4300	380
4301	76
4302	156
4303	359
4304	75
4305	540
4306	100
4307	95
4308	102
4309	426
4310	137
4311	350
4312	93
4313	282
4314	559
4315	207
4316	382
4317	103
4318	393
4319	129
4320	88
4321	172
4322	205
4323	255
4324	161
4325	253
4326	219
4327	140
4328	262
4329	71
4330	143
4331	289
4332	66
4333	269
4334	82
4335	353
4336	117
4337	330
4338	134
4339	198
4340	263
4341	79
4342	409
4343	821
4344	182
4345	316
4346	91
4347	635
4348	110
4349	126
4350	88
4351	275
4352	53
4353	217
4354	252
4355	112
4356	123
4357	86
4358	82
4359	91
4360	232
4361	126
4362	346
4363	114
4364	49
4365	185
4366	606
4367	124
4368	99
4369	378
4370	479
4371	81
4372	169
4373	90
4374	328
4375	323
4376	337
4377	81
4378	148
4379	114
4380	174
4381	184
4382	291
4383	334
4384	126
4385	287
4386	546
4387	48
4388	71
4389	742
4390	91
4391	294
4392	109
4393	103
4394	308
4395	200
4396	311
4397	97
4398	244
4399	52
4400	197
4401	88
4402	219
4403	417
4404	271
4405	82
4406	97
4407	517
4408	153
4409	214
4410	315
4411	306
4412	110
4413	214
4414	234
4415	196
4416	150
4417	205
4418	134
4419	410
4420	139
4421	89
4422	591
4423	80
4424	116
4425	228
4426	727
4427	75
4428	105
4429	74
4430	433
4431	257
4432	321
4433	105
4434	138
4435	186
4436	315
4437	186
4438	2334
4439	1983
4440	295
4441	351
4442	147
4443	1733
4444	196
4445	321
4446	172
4447	3024
4448	1994
4449	278
4450	56
4451	1997
4452	155
4453	341
4454	174
4455	11463
4456	2345
4457	61
4458	108
4459	228
4460	2655
4461	1532
4462	324
4463	120
4464	202
4465	2336
4466	2469
4467	242
4468	154
4469	193
4470	1674
4471	2049
4472	230
4473	127
4474	2436
4475	1643
4476	304
4477	138
4478	386
4479	2497
4480	270
4481	201
4482	269
4483	2548
4484	4630
4485	2470
4486	182
4487	713
4488	485
4489	2214
4490	2633
4491	166
4492	607
4493	155
4494	2730
4495	344
4496	235
4497	4636
4498	3020
4499	506
4500	270
4501	319
4502	246
4503	230
4504	308
4505	204
4506	335
4507	223
4508	214
4509	242
4510	276
4511	280
4512	176
4513	173
4514	203
4515	1017
4516	197
4517	415
4518	216
4519	190
4520	395
4521	487
4522	220
4523	893
4524	206
4525	463
4526	428
4527	167
4528	965
4529	217
4530	248
4531	185
4532	354
4533	545
4534	89
4535	232
4536	687
4537	123
4538	182
4539	148
4540	276
4541	127
4542	233
4543	109
4544	229
4545	194
4546	422
4547	174
4548	492
4549	472
4550	201
4551	207
4552	212
4553	311
4554	116
4555	359
4556	31
4557	347
4558	545
4559	307
4560	346
4561	385
4562	170
4563	388
4564	287
4565	227
4566	190
4567	350
4568	302
4569	217
4570	604
4571	212
4572	194
4573	346
4574	124
4575	598
4576	269
4577	214
4578	459
4579	283
4580	267
4581	272
4582	164
4583	151
4584	1221
4585	183
4586	484
4587	871
4588	301
4589	451
4590	155
4591	124
4592	467
4593	366
4594	167
4595	705
4596	145
4597	393
4598	133
4599	522
4600	306
4601	172
4602	366
4603	305
4604	492
4605	119
4606	166
4607	468
4608	106
4609	226
4610	102
4611	302
4612	364
4613	176
4614	126
4615	143
4616	194
4617	754
4618	501
4619	176
4620	768
4621	182
4622	262
4623	286
4624	236
4625	323
4626	157
4627	136
4628	174
4629	483
4630	475
4631	176
4632	412
4633	365
4634	177
4635	508
4636	511
4637	212
4638	307
4639	139
4640	98
4641	107
4642	208
4643	391
4644	134
4645	675
4646	235
4647	91
4648	307
4649	404
4650	224
4651	648
4652	157
4653	159
4654	193
4655	565
4656	160
4657	380
4658	450
4659	524
4660	82
4661	677
4662	1897
4663	3074
4664	381
4665	468
4666	4259
4667	1927
4668	682
4669	4773
4670	621
4671	3808
4672	3506
4673	124
4674	450
4675	1144
4676	533
4677	842
4678	4456
4679	2369
4680	574
4681	621
4682	566
4683	2722
4684	1873
4685	387
4686	431
4687	1319
4688	2454
4689	2425
4690	1093
4691	254
4692	3550
4693	2036
4694	2131
4695	3440
4696	863
4697	828
4698	3300
4699	2040
4700	658
4701	595
4702	1706
4703	998
4704	865
4705	747
4706	3234
4707	2435
4708	2726
4709	777
4710	933
4711	679
4712	2201
4713	2911
4714	692
4715	1298
4716	1237
4717	3048
4718	173
4719	881
4720	2422
4721	2683
4722	2636
4723	556
4724	602
4725	407
4726	1420
4727	478
4728	2101
4729	773
4730	709
4731	640
4732	912
4733	3796
4734	477
4735	1051
4736	838
4737	852
4738	283
4739	591
4740	351
4741	616
4742	509
4743	3345
4744	13194
4745	568
4746	1004
4747	365
4748	190
4749	750
4750	628
4751	969
4752	1271
4753	4707
4754	553
4755	286
4756	251
4757	353
4758	278
4759	855
4760	385
4761	2305
4762	1291
4763	196
4764	432
4765	968
4766	576
4767	660
4768	416
4769	367
4770	851
4771	605
4772	420
4773	529
4774	1387
4775	631
4776	472
4777	688
4778	612
4779	339
4780	369
4781	817
4782	859
4783	860
4784	721
4785	1112
4786	836
4787	1888
4788	794
4789	411
4790	581
4791	287
4792	818
4793	379
4794	625
4795	1349
4796	376
4797	409
4798	1768
4799	413
4800	690
4801	962
4802	851
4803	638
4804	122
4805	402
4806	583
4807	449
4808	1023
4809	856
4810	2125
4811	378
4812	6689
4813	619
4814	276
4815	666
4816	668
4817	886
4818	861
4819	285
4820	988
4821	1265
4822	1356
4823	518
4824	395
4825	285
4826	755
4827	710
4828	535
4829	604
4830	439
4831	3697
4832	854
4833	1558
4834	263
4835	1137
4836	290
4837	613
4838	536
4839	542
4840	542
4841	340
4842	1173
4843	827
4844	398
4845	593
4846	828
4847	843
4848	3835
4849	440
4850	592
4851	1450
4852	572
4853	958
4854	286
4855	1067
4856	605
4857	694
4858	756
4859	3698
4860	592
4861	1817
4862	1052
4863	750
4864	126
4865	434
4866	331
4867	561
4868	1947
4869	475
4870	1088
4871	376
4872	431
4873	870
4874	514
4875	1668
4876	475
4877	1126
4878	5440
4879	669
4880	554
4881	1128
4882	694
4883	456
4884	291
4885	1081
4886	2213
4887	823
4888	402
4889	752
4890	3319
4891	306
4892	983
4893	409
4894	2571
4895	2869
4896	206
4897	1756
4898	567
4899	2962
4900	660
4901	258
4902	5540
4903	1094
4904	987
4905	1780
4906	3271
4907	2130
4908	544
4909	435
4910	453
4911	2576
4912	1931
4913	4119
4914	1336
4915	307
4916	1463
4917	2040
4918	647
4919	325
4920	308
4921	2462
4922	1514
4923	347
4924	1084
4925	299
4926	1728
4927	881
4928	637
4929	2554
4930	1775
4931	1730
4932	627
4933	480
4934	810
4935	2322
4936	2992
4937	315
4938	764
4939	285
4940	2846
4941	316
4942	534
4943	165
4944	3472
4945	3139
4946	362
4947	911
4948	351
4949	857
4950	449
4951	951
4952	648
4953	404
4954	1083
4955	423
4956	435
4957	765
4958	527
4959	214
4960	335
4961	1119
4962	545
4963	968
4964	1288
4965	969
4966	222
4967	394
4968	1026
4969	776
4970	419
4971	517
4972	890
4973	1829
4974	998
4975	696
4976	754
4977	425
4978	1657
4979	398
4980	2111
4981	555
4982	1059
4983	645
4984	547
4985	253
4986	594
4987	437
4988	240
4989	249
4990	440
4991	918
4992	537
4993	286
4994	1143
4995	1117
4996	308
4997	1109
4998	485
4999	582
5000	663
5001	276
5002	390
5003	566
5004	463
5005	224
5006	712
5007	235
5008	5202
5009	381
5010	1096
5011	1601
5012	193
5013	629
5014	291
5015	516
5016	1071
5017	660
5018	394
5019	330
5020	609
5021	316
5022	363
5023	195
5024	931
5025	361
5026	3125
5027	952
5028	1114
5029	344
5030	205
5031	585
5032	196
5033	633
5034	415
5035	982
5036	274
5037	596
5038	485
5039	735
5040	342
5041	1112
5042	818
5043	741
5044	647
5045	886
5046	550
5047	362
5048	210
5049	1702
5050	333
5051	518
5052	617
5053	511
5054	1715
5055	209
5056	642
5057	342
5058	931
5059	141
5060	2186
5061	411
5062	385
5063	234
5064	595
5065	680
5066	418
5067	582
5068	495
5069	507
5070	265
5071	548
5072	237
5073	509
5074	269
5075	643
5076	616
5077	691
5078	152
5079	341
5080	1260
5081	1982
5082	408
5083	5038
5084	1259
5085	237
5086	341
5087	780
5088	605
5089	292
5090	188
5091	276
5092	212
5093	1648
5094	1320
5095	6256
5096	396
5097	1066
5098	158
5099	690
5100	625
5101	1594
5102	1126
5103	328
5104	290
5105	564
5106	440
5107	444
5108	948
5109	3009
5110	653
5111	2293
5112	194
5113	3182
5114	2515
5115	1548
5116	1876
5117	265
5118	426
5119	1071
5120	580
5121	146
5122	1074
5123	3474
5124	2463
5125	812
5126	1207
5127	2100
5128	1868
5129	1473
5130	2442
5131	244
5132	2804
5133	1442
5134	344
5135	365
5136	2674
5137	2158
5138	1613
5139	469
5140	1802
5141	1654
5142	2972
5143	767
5144	2405
5145	2666
5146	231
5147	2399
5148	3128
5149	2934
5150	3285
5151	2055
5152	636
5153	1390
5154	668
5155	1073
5156	445
5157	305
5158	1236
5159	269
5160	652
5161	443
5162	1175
5163	567
5164	973
5165	1142
5166	1508
5167	197
5168	225
5169	320
5170	870
5171	178
5172	198
5173	1096
5174	1371
5175	453
5176	389
5177	1569
5178	803
5179	735
5180	1239
5181	154
5182	247
5183	989
5184	628
5185	1281
5186	481
5187	165
5188	973
5189	954
5190	979
5191	88
5192	197
5193	313
5194	1027
5195	245
5196	835
5197	1102
5198	1037
5199	1394
5200	309
5201	299
5202	616
5203	545
5204	1350
5205	299
5206	1818
5207	753
5208	2067
5209	371
5210	870
5211	740
5212	713
5213	980
5214	2945
5215	316
5216	1298
5217	590
5218	862
5219	570
5220	1108
5221	909
5222	1476
5223	584
5224	418
5225	600
5226	286
5227	442
5228	190
5229	736
5230	158
5231	99
5232	3843
5233	1219
5234	2676
5235	3079
5236	63
5237	2769
5238	2094
5239	4025
5240	2853
5241	3019
5242	1858
5243	2778
5244	2427
5245	1647
5246	2535
5247	3031
5248	2024
5249	2219
5250	3026
5251	1875
5252	2960
5253	2032
5254	2626
5255	2897
5256	2863
5257	784
5258	1081
5259	2934
5260	1828
5261	3161
5262	2605
5263	2147
5264	13383
5265	2448
5266	3748
5267	2327
5268	3185
5269	2966
5270	1926
5271	1565
5272	2121
5273	2276
5274	2145
5275	2801
5276	1697
5277	3291
5278	2457
5279	3395
5280	2557
5281	2609
5282	2031
5283	68
5284	1083
5285	1230
5286	3341
5287	2635
5288	1080
5289	4229
5290	1652
5291	109
5292	2977
5293	3184
5294	2665
5295	2365
5296	2880
5297	1746
5298	2104
5299	3353
5300	1646
5301	2341
5302	2767
5303	2953
5304	3570
5305	2092
5306	3172
5307	3040
5308	2274
5309	2615
5310	528
5311	1146
5312	2306
5313	2288
5314	2764
5315	3262
5316	2687
5317	1730
5318	2441
5319	2181
5320	1536
5321	1650
5322	1189
5323	1790
5324	2075
5325	2278
5326	2123
5327	2880
5328	3192
5329	2807
5330	3160
5331	2349
5332	1513
5333	1558
5334	2779
5335	3070
5336	1685
5337	3619
5338	2067
5339	2418
5340	1028
5341	2445
5342	3018
5343	2951
5344	515
5345	1885
5346	1744
5347	2282
5348	2412
5349	2077
5350	2330
5351	2514
5352	2712
5353	3545
5354	2213
5355	3249
5356	449
5357	3193
5358	3285
5359	2658
5360	1150
5361	5122
5362	2657
5363	2788
5364	3468
5365	2464
5366	1587
5367	1723
5368	1700
5369	2042
5370	2430
5371	2347
5372	2415
5373	2379
5374	3009
5375	1356
5376	2127
5377	3574
5378	2078
5379	3239
5380	2590
5381	3240
5382	910
5383	2112
5384	2999
5385	2769
5386	5515
5387	2400
5388	875
5389	2997
5390	2084
5391	453
5392	2064
5393	1696
5394	2610
5395	2986
5396	2008
5397	2748
5398	2386
5399	2514
5400	2931
5401	3022
5402	3667
5403	72
5404	3049
5405	2273
5406	2402
5407	933
5408	3319
5409	2103
5410	3593
5411	2384
5412	574
5413	2543
5414	2152
5415	1746
5416	1765
5417	1598
5418	2148
5419	1821
5420	2182
5421	2435
5422	2701
5423	2536
5424	3071
5425	2942
5426	3178
5427	122
5428	2999
5429	1425
5430	2828
5431	1076
5432	4728
5433	2526
5434	2720
5435	3187
5436	675
5437	3392
5438	1241
5439	2889
5440	2078
5441	2096
5442	2218
5443	2237
5444	1475
5445	2342
5446	1685
5447	2483
5448	2329
5449	2404
5450	1482
5451	2937
5452	3920
5453	1979
5454	1034
5455	3716
5456	1818
5457	2354
5458	1063
5459	2028
5460	3476
5461	2376
5462	1880
5463	1627
5464	1521
5465	1566
5466	2472
5467	2160
5468	2414
5469	1915
5470	733
5471	2017
5472	1951
5473	1391
5474	2958
5475	2111
5476	2975
5477	2443
5478	2061
5479	1309
5480	2596
5481	1938
5482	3144
5483	2887
5484	2334
5485	2856
5486	2378
5487	1849
5488	1530
5489	2412
5490	1686
5491	1539
5492	2140
5493	2451
5494	2525
5495	1736
5496	787
5497	2518
5498	2113
5499	2656
5500	1992
5501	3015
5502	2631
5503	2182
5504	2974
5505	1839
5506	2433
5507	3152
5508	3390
5509	2618
5510	1272
5511	3586
5512	2898
5513	1621
5514	623
5515	2254
5516	2169
5517	1320
5518	2671
5519	1664
5520	1643
5521	2060
5522	2448
5523	2907
5524	2588
5525	2299
5526	2803
5527	2663
5528	3201
5529	2367
5530	2649
5531	1142
5532	2481
5533	2286
5534	2829
5535	2571
5536	2134
5537	2708
5538	1306
5539	1650
5540	1996
5541	2194
5542	1761
5543	2002
5544	1553
5545	2809
5546	2638
5547	2191
5548	1953
5549	2330
5550	2275
5551	3274
5552	2699
5553	2702
5554	2722
5555	1368
5556	2249
5557	2721
5558	2695
5559	3385
5560	2196
5561	1498
5562	2207
5563	2920
5564	1582
5565	1817
5566	1082
5567	1445
5568	1764
5569	1335
5570	2160
5571	2195
5572	1920
5573	2701
5574	2522
5575	2568
5576	2748
5577	2382
5578	3750
5579	1252
5580	3218
5581	3584
5582	3150
5583	2295
5584	3386
5585	1387
5586	3248
5587	2725
5588	2620
5589	1904
5590	1906
5591	1964
5592	1777
5593	1741
5594	2131
5595	2120
5596	1569
5597	2235
5598	1534
5599	2254
5600	2321
5601	2770
5602	2677
5603	2721
5604	2957
5605	1141
5606	2873
5607	4336
5608	2406
5609	2493
5610	1917
5611	2290
5612	2271
5613	1312
5614	2427
5615	845
5616	2048
5617	1688
5618	1789
5619	2069
5620	2604
5621	2804
5622	1866
5623	2316
5624	1601
5625	2733
5626	2468
5627	2541
5628	2642
5629	2991
5630	1836
5631	1605
5632	2646
5633	2499
5634	3160
5635	3327
5636	1674
5637	4184
5638	2141
5639	1186
5640	2893
5641	2052
5642	1997
5643	1522
5644	1869
5645	1696
5646	2277
5647	2474
5648	2581
5649	1910
5650	2757
5651	2917
5652	2309
5653	2399
5654	2554
5655	2964
5656	1621
5657	2545
5658	1170
5659	2919
5660	2060
5661	1827
5662	3022
5663	2534
5664	2657
5665	2798
5666	2035
5667	2103
5668	536
5669	1398
5670	1874
5671	2278
5672	1904
5673	2282
5674	1630
5675	2978
5676	1959
5677	2815
5678	2747
5679	2554
5680	1691
5681	798
5682	2738
5683	2558
5684	2827
5685	2939
5686	2044
5687	1296
5688	3521
5689	2869
5690	2087
5691	2259
5692	1547
5693	1866
5694	1313
5695	1695
5696	2149
5697	2527
5698	2111
5699	2848
5700	1766
5701	2946
5702	2988
5703	3064
5704	2561
5705	2748
5706	1608
5707	2358
5708	1871
5709	4738
5710	2635
5711	3454
5712	2202
5713	3320
5714	2293
5715	2336
5716	2275
5717	2528
5718	1600
5719	2750
5720	868
5721	1852
5722	1704
5723	2204
5724	2028
5725	2691
5726	2496
5727	2985
5728	2517
5729	3082
5730	3162
5731	2942
5732	3332
5733	3103
5734	1882
5735	5359
5736	1044
5737	2822
5738	2927
5739	2099
5740	10843
5741	3887
5742	2654
5743	2727
5744	2025
5745	1465
5746	1897
5747	2251
5748	2226
5749	2495
5750	2280
5751	3586
5752	3080
5753	3348
5754	3036
5755	3334
5756	2311
5757	2525
5758	919
5759	1635
5760	1877
5761	2135
5762	3195
5763	2202
5764	1763
5765	4195
5766	2195
5767	2756
5768	2817
5769	2063
5770	2062
5771	1387
5772	1998
5773	1113
5774	2497
5775	2075
5776	431
5777	2904
5778	3310
5779	3519
5780	2618
5781	2374
5782	1401
5783	2808
5784	2602
5785	2787
5786	1033
5787	1905
5788	3368
5789	3294
5790	2196
5791	983
5792	7589
5793	2593
5794	3582
5795	2160
5796	2278
5797	1803
5798	2331
5799	1807
5800	1985
5801	2290
5802	3689
5803	2554
5804	3080
5805	4075
5806	3281
5807	2571
5808	769
5809	2573
5810	3089
5811	2251
5812	1027
5813	2642
5814	2748
5815	2476
5816	3026
5817	1138
5818	2624
5819	2163
5820	2270
5821	2348
5822	2237
5823	1851
5824	2210
5825	1560
5826	2148
5827	2715
5828	3845
5829	2016
5830	4108
5831	3059
5832	3260
5833	2523
5834	727
5835	2760
5836	3318
5837	2115
5838	2094
5839	2234
5840	1952
5841	2560
5842	2618
5843	1246
5844	688
5845	2708
5846	2854
5847	4578
5848	3041
5849	1780
5850	1731
5851	2531
5852	1540
5853	2016
5854	1093
5855	1912
5856	4373
5857	3608
5858	3226
5859	2358
5860	1702
5861	2330
5862	2521
5863	1534
5864	1141
5865	1992
5866	2565
5867	2346
5868	2713
5869	3559
5870	2744
5871	2514
5872	1595
5873	2274
5874	1520
5875	2411
5876	607
5877	1387
5878	2347
5879	2899
5880	1792
5881	1996
5882	2245
5883	3098
5884	4329
5885	2565
5886	1829
5887	2790
5888	3250
5889	2421
5890	1702
5891	1763
5892	2524
5893	2564
5894	3006
5895	3277
5896	2218
5897	3409
5898	3052
5899	512
5900	1439
5901	1748
5902	2302
5903	2646
5904	2609
5905	2908
5906	2472
5907	4170
5908	2558
5909	2659
5910	3036
5911	2668
5912	2417
5913	1124
5914	2285
5915	2496
5916	2975
5917	2797
5918	71
5919	2059
5920	1522
5921	2864
5922	1280
5923	1684
5924	1397
5925	1901
5926	2026
5927	3067
5928	4368
5929	415
5930	3361
5931	3333
5932	3206
5933	2359
5934	2188
5935	2992
5936	1933
5937	1969
5938	1836
5939	1723
5940	2927
5941	2268
5942	2187
5943	2359
5944	1723
5945	3386
5946	1679
5947	1218
5948	2194
5949	1885
5950	2225
5951	2503
5952	2666
5953	1481
5954	3300
5955	3740
5956	2775
5957	2466
5958	3403
5959	2484
5960	1517
5961	1559
5962	1980
5963	1717
5964	3044
5965	3673
5966	2648
5967	1832
5968	1829
5969	2683
5970	1643
5971	1752
5972	2103
5973	2237
5974	1551
5975	3348
5976	2994
5977	2511
5978	2476
5979	2610
5980	2560
5981	1560
5982	1891
5983	3347
5984	1617
5985	1356
5986	2809
5987	3187
5988	3379
5989	1052
5990	2367
5991	2733
5992	2578
5993	2134
5994	1946
5995	2163
5996	2196
5997	1529
5998	2478
5999	3069
6000	1146
6001	2971
6002	3130
6003	2722
6004	2647
6005	3358
6006	3086
6007	1021
6008	1525
6009	148
6010	134
6011	962
6012	266
6013	191
6014	1992
6015	276
6016	1353
6017	124
6018	2315
6019	2153
6020	1070
6021	188
6022	94
6023	133
6024	175
6025	227
6026	1981
6027	552
6028	100
6029	192
6030	1665
6031	2041
6032	2074
6033	95
6034	147
6035	122
6036	2746
6037	1805
6038	191
6039	506
6040	2655
6041	222
6042	106
6043	2257
6044	2417
6045	270
6046	96
6047	108
6048	1587
6049	3088
6050	87
6051	325
6052	122
6053	2546
6054	1367
6055	212
6056	86
6057	83
6058	2965
6059	3699
6060	3356
6061	386
6062	184
6063	150
6064	3217
6065	2510
6066	122
6067	178
6068	2401
6069	1460
6070	108
6071	172
6072	118
6073	120
6074	250
6075	292
6076	330
6077	110
6078	148
6079	271
6080	115
6081	178
6082	95
6083	131
6084	109
6085	8498
6086	152
6087	375
6088	261
6089	140
6090	118
6091	140
6092	242
6093	135
6094	92
6095	138
6096	206
6097	142
6098	157
6099	110
6100	144
6101	109
6102	368
6103	86
6104	148
6105	811
6106	106
6107	246
6108	90
6109	107
6110	145
6111	169
6112	137
6113	117
6114	207
6115	83
6116	179
6117	276
6118	202
6119	86
6120	69
6121	286
6122	114
6123	121
6124	152
6125	146
6126	138
6127	121
6128	282
6129	173
6130	413
6131	110
6132	117
6133	149
6134	240
6135	88
6136	153
6137	180
6138	202
6139	101
6140	288
6141	136
6142	301
6143	114
6144	156
6145	82
6146	115
6147	130
6148	160
6149	129
6150	86
6151	125
6152	196
6153	163
6154	119
6155	254
6156	150
6157	182
6158	103
6159	188
6160	132
6161	178
6162	163
6163	127
6164	113
6165	158
6166	343
6167	74
6168	243
6169	125
6170	215
6171	143
6172	113
6173	189
6174	96
6175	219
6176	108
6177	1135
6178	117
6179	241
6180	123
6181	269
6182	135
6183	255
6184	197
6185	131
6186	90
6187	273
6188	95
6189	112
6190	119
6191	144
6192	2502
6193	264
6194	350
6195	153
6196	116
6197	89
6198	166
6199	233
6200	179
6201	70
6202	209
6203	115
6204	173
6205	120
6206	205
6207	176
6208	277
6209	65
6210	228
6211	6975
6212	176
6213	139
6214	235
6215	85
6216	137
6217	157
6218	117
6219	959
6220	158
6221	75
6222	103
6223	2460
6224	123
6225	127
6226	113
6227	2256
6228	2120
6229	116
6230	83
6231	71
6232	126
6233	88
6234	1300
6235	165
6236	102
6237	85
6238	2348
6239	1804
6240	1959
6241	81
6242	123
6243	101
6244	1737
6245	100
6246	165
6247	84
6248	91
6249	126
6250	2181
6251	2607
6252	97
6253	115
6254	73
6255	1925
6256	2498
6257	102
6258	167
6259	89
6260	1882
6261	676
6262	85
6263	74
6264	155
6265	3184
6266	3295
6267	3223
6268	78
6269	83
6270	62
6271	2394
6272	2884
6273	95
6274	197
6275	110
6276	1954
6277	2159
6278	163
6279	83
6280	100
6281	96
6282	54
6283	84
6284	87
6285	170
6286	89
6287	92
6288	177
6289	108
6290	107
6291	83
6292	108
6293	119
6294	118
6295	110
6296	113
6297	154
6298	64
6299	109
6300	80
6301	88
6302	111
6303	117
6304	83
6305	89
6306	106
6307	113
6308	106
6309	101
6310	105
6311	107
6312	106
6313	96
6314	119
6315	104
6316	119
6317	77
6318	88
6319	93
6320	93
6321	144
6322	110
6323	148
6324	110
6325	66
6326	126
6327	82
6328	75
6329	73
6330	75
6331	131
6332	80
6333	95
6334	98
6335	71
6336	107
6337	98
6338	115
6339	99
6340	106
6341	99
6342	126
6343	94
6344	119
6345	82
6346	79
6347	99
6348	96
6349	84
6350	101
6351	89
6352	100
6353	81
6354	93
6355	100
6356	108
6357	100
6358	72
6359	127
6360	111
6361	29
6362	82
6363	131
6364	187
6365	68
6366	87
6367	97
6368	145
6369	90
6370	82
6371	129
6372	119
6373	93
6374	88
6375	103
6376	111
6377	72
6378	55
6379	128
6380	88
6381	102
6382	92
6383	146
6384	64
6385	88
6386	82
6387	93
6388	189
6389	84
6390	85
6391	91
6392	72
6393	115
6394	87
6395	69
6396	95
6397	104
6398	86
6399	85
6400	110
6401	84
6402	104
6403	91
6404	126
6405	123
6406	103
6407	90
6408	97
6409	84
6410	80
6411	79
6412	94
6413	143
6414	78
6415	127
6416	97
6417	88
6418	81
6419	1574
6420	95
6421	87
6422	2123
6423	111
6424	119
6425	3109
6426	2644
6427	2874
6428	109
6429	117
6430	101
6431	128
6432	89
6433	1760
6434	2315
6435	126
6436	107
6437	2832
6438	2186
6439	2541
6440	95
6441	76
6442	1291
6443	1391
6444	81
6445	81
6446	80
6447	1721
6448	2478
6449	71
6450	75
6451	130
6452	2678
6453	2041
6454	100
6455	130
6456	1769
6457	3071
6458	96
6459	122
6460	114
6461	2435
6462	79
6463	102
6464	51
6465	3944
6466	4056
6467	3024
6468	91
6469	74
6470	71
6471	2200
6472	2254
6473	104
6474	114
6475	2082
6476	1469
6477	94
6478	84
6479	125
6480	145
6481	94
6482	226
6483	110
6484	121
6485	95
6486	106
6487	89
6488	90
6489	92
6490	95
6491	192
6492	77
6493	99
6494	97
6495	91
6496	71
6497	88
6498	178
6499	118
6500	69
6501	81
6502	113
6503	72
6504	86
6505	94
6506	81
6507	121
6508	115
6509	121
6510	282
6511	77
6512	90
6513	63
6514	187
6515	126
6516	106
6517	88
6518	75
6519	103
6520	137
6521	62
6522	119
6523	145
6524	92
6525	151
6526	107
6527	89
6528	93
6529	69
6530	106
6531	91
6532	92
6533	93
6534	65
6535	49
6536	99
6537	65
6538	1520
6539	98
6540	97
6541	121
6542	60
6543	78
6544	89
6545	117
6546	112
6547	105
6548	86
6549	75
6550	54
6551	172
6552	110
6553	106
6554	110
6555	79
6556	122
6557	127
6558	79
6559	64
6560	82
6561	64
6562	91
6563	93
6564	178
6565	82
6566	80
6567	91
6568	83
6569	80
6570	56
6571	113
6572	102
6573	62
6574	108
6575	112
6576	84
6577	70
6578	102
6579	121
6580	103
6581	34
6582	57
6583	116
6584	74
6585	73
6586	88
6587	81
6588	189
6589	101
6590	89
6591	100
6592	91
6593	118
6594	84
6595	98
6596	109
6597	111
6598	62
6599	76
6600	142
6601	144
6602	71
6603	77
6604	94
6605	108
6606	94
6607	123
6608	1349
6609	61
6610	89
6611	71
6612	1950
6613	71
6614	44
6615	196
6616	2893
6617	2982
6618	126
6619	44
6620	125
6621	73
6622	78
6623	2060
6624	1080
6625	116
6626	32
6627	2626
6628	2015
6629	2353
6630	139
6631	86
6632	1745
6633	1803
6634	83
6635	83
6636	898
6637	2088
6638	293
6639	79
6640	2432
6641	2248
6642	161
6643	77
6644	78
6645	2262
6646	2163
6647	88
6648	72
6649	2238
6650	94
6651	82
6652	101
6653	3067
6654	2405
6655	2901
6656	92
6657	125
6658	122
6659	2565
6660	2649
6661	109
6662	156
6663	2868
6664	1382
6665	216
6666	65
6667	90
6668	70
6669	93
6670	100
6671	107
6672	61
6673	93
6674	106
6675	94
6676	182
6677	118
6678	68
6679	106
6680	84
6681	122
6682	102
6683	67
6684	121
6685	83
6686	142
6687	84
6688	91
6689	133
6690	104
6691	101
6692	125
6693	99
6694	155
6695	89
6696	242
6697	89
6698	71
6699	149
6700	137
6701	125
6702	147
6703	92
6704	97
6705	133
6706	69
6707	143
6708	99
6709	65
6710	163
6711	75
6712	86
6713	152
6714	82
6715	145
6716	88
6717	166
6718	92
6719	218
6720	144
6721	99
6722	433
6723	87
6724	116
6725	70
6726	825
6727	116
6728	2272
6729	107
6730	123
6731	90
6732	126
6733	104
6734	70
6735	97
6736	83
6737	191
6738	97
6739	59
6740	3491
6741	79
6742	677
6743	80
6744	68
6745	148
6746	57
6747	106
6748	103
6749	72
6750	99
6751	102
6752	366
6753	98
6754	1066
6755	101
6756	67
6757	154
6758	114
6759	67
6760	109
6761	98
6762	80
6763	130
6764	71
6765	99
6766	82
6767	425
6768	109
6769	199
6770	111
6771	74
6772	179
6773	80
6774	190
6775	90
6776	105
6777	87
6778	170
6779	3024
6780	79
6781	101
6782	221
6783	141
6784	74
6785	306
6786	91
6787	612
6788	76
6789	81
6790	69
6791	99
6792	91
6793	80
6794	119
6795	109
6796	102
6797	100
6798	562
6799	81
6800	70
6801	1532
6802	1490
6803	339
6804	93
6805	2396
6806	84
6807	133
6808	112
6809	3185
6810	3463
6811	130
6812	78
6813	144
6814	95
6815	1811
6816	699
6817	48
6818	70
6819	1920
6820	2890
6821	2923
6822	117
6823	118
6824	2986
6825	1781
6826	429
6827	327
6828	117
6829	1227
6830	1899
6831	79
6832	67
6833	155
6834	2000
6835	2772
6836	78
6837	115
6838	96
6839	1898
6840	2352
6841	75
6842	92
6843	96
6844	2277
6845	98
6846	141
6847	2559
6848	3064
6849	2844
6850	58
6851	53
6852	159
6853	2925
6854	3043
6855	132
6856	64
6857	102
6858	2884
6859	2082
6860	98
6861	217
6862	99
6863	188
6864	92
6865	145
6866	84
6867	85
6868	85
6869	108
6870	110
6871	109
6872	89
6873	95
6874	135
6875	69
6876	156
6877	141
6878	72
6879	77
6880	73
6881	129
6882	70
6883	150
6884	68
6885	90
6886	53
6887	302
6888	161
6889	38
6890	125
6891	77
6892	135
6893	160
6894	113
6895	132
6896	63
6897	698
6898	131
6899	97
6900	58
6901	64
6902	82
6903	68
6904	143
6905	103
6906	58
6907	75
6908	126
6909	85
6910	111
6911	109
6912	129
6913	52
6914	67
6915	90
6916	110
6917	80
6918	93
6919	184
6920	137
6921	41
6922	87
6923	91
6924	98
6925	120
6926	85
6927	60
6928	106
6929	117
6930	46
6931	80
6932	196
6933	75
6934	37
6935	187
6936	67
6937	163
6938	136
6939	74
6940	47
6941	78
6942	44
6943	139
6944	120
6945	102
6946	86
6947	129
6948	74
6949	67
6950	130
6951	104
6952	91
6953	77
6954	69
6955	86
6956	136
6957	44
6958	126
6959	61
6960	99
6961	183
6962	74
6963	99
6964	120
6965	170
6966	70
6967	57
6968	264
6969	105
6970	45
6971	151
6972	76
6973	83
6974	255
6975	56
6976	141
6977	102
6978	105
6979	58
6980	57
6981	57
6982	64
6983	103
6984	115
6985	86
6986	61
6987	349
6988	201
6989	158
6990	89
6991	141
6992	85
6993	87
6994	102
6995	129
6996	82
6997	208
6998	108
6999	215
7000	120
7001	110
7002	1954
7003	25
7004	148
7005	205
7006	1318
7007	167
7008	367
7009	2856
7010	2745
7011	95
7012	166
7013	182
7014	53
7015	119
7016	84
7017	1811
7018	606
7019	212
7020	316
7021	86
7022	2097
7023	2756
7024	3556
7025	126
7026	125
7027	82
7028	3016
7029	1949
7030	158
7031	2150
7032	2212
7033	161
7034	130
7035	162
7036	2759
7037	2273
7038	2172
7039	119
7040	205
7041	4004
7042	1957
7043	1914
7044	119
7045	205
7046	86
7047	2796
7048	432
7049	368
7050	57
7051	2132
7052	3674
7053	3393
7054	139
7055	130
7056	2490
7057	2066
7058	83
7059	86
7060	191
7061	2522
7062	2544
7063	155
7064	203
7065	146
7066	114
7067	111
7068	67
7069	185
7070	82
7071	75
7072	77
7073	247
7074	175
7075	172
7076	241
7077	178
7078	105
7079	126
7080	395
7081	112
7082	97
7083	200
7084	329
7085	131
7086	88
7087	90
7088	534
7089	142
7090	241
7091	67
7092	121
7093	86
7094	115
7095	162
7096	83
7097	164
7098	58
7099	107
7100	219
7101	160
7102	97
7103	218
7104	124
7105	125
7106	274
7107	59
7108	96
7109	129
7110	31
7111	66
7112	75
7113	76
7114	23
7115	64
7116	236
7117	356
7118	219
7119	181
7120	77
7121	88
7122	104
7123	46
7124	117
7125	103
7126	190
7127	131
7128	155
7129	143
7130	47
7131	100
7132	134
7133	318
7134	147
7135	81
7136	232
7137	152
7138	230
7139	99
7140	228
7141	112
7142	94
7143	153
7144	120
7145	91
7146	109
7147	81
7148	241
7149	254
7150	189
7151	96
7152	95
7153	54
7154	537
7155	82
7156	327
7157	83
7158	335
7159	163
7160	115
7161	452
7162	120
7163	158
7164	109
7165	210
7166	171
7167	191
7168	133
7169	127
7170	89
7171	85
7172	142
7173	254
7174	116
7175	93
7176	81
7177	198
7178	68
7179	191
7180	127
7181	81
7182	104
7183	81
7184	334
7185	3617
7186	57
7187	105
7188	165
7189	105
7190	149
7191	76
7192	106
7193	37
7194	233
7195	99
7196	73
7197	85
7198	65
7199	165
7200	110
7201	165
7202	230
7203	449
7204	99
7205	265
7206	128
7207	293
7208	291
7209	119
7210	143
7211	88
7212	77
7213	64
7214	67
7215	114
7216	902
7217	122
7218	153
7219	1495
7220	182
7221	117
7222	133
7223	71
7224	273
7225	109
7226	1396
7227	153
7228	390
7229	108
7230	2156
7231	151
7232	219
7233	238
7234	3218
7235	1708
7236	78
7237	262
7238	82
7239	88
7240	286
7241	2700
7242	660
7243	630
7244	197
7245	43
7246	2783
7247	3075
7248	2914
7249	266
7250	199
7251	75
7252	2055
7253	2023
7254	131
7255	267
7256	199
7257	1900
7258	2298
7259	333
7260	191
7261	1735
7262	1606
7263	1580
7264	72
7265	154
7266	250
7267	1948
7268	1933
7269	352
7270	339
7271	90
7272	1844
7273	743
7274	386
7275	77
7276	3068
7277	3691
7278	2796
7279	198
7280	94
7281	400
7282	3013
7283	2321
7284	82
7285	235
7286	3011
7287	2454
7288	163
7289	243
7290	130
7291	363
7292	115
7293	41
7294	537
7295	111
7296	134
7297	136
7298	363
7299	266
7300	219
7301	199
7302	123
7303	79
7304	271
7305	99
7306	292
7307	80
7308	177
7309	226
7310	212
7311	88
7312	116
7313	318
7314	352
7315	168
7316	514
7317	497
7318	391
7319	144
7320	234
7321	57
7322	260
7323	60
7324	71
7325	93
7326	452
7327	206
7328	259
7329	119
7330	706
7331	80
7332	483
7333	123
7334	203
7335	500
7336	147
7337	343
7338	103
7339	55
7340	167
7341	413
7342	113
7343	177
7344	194
7345	159
7346	236
7347	96
7348	2360
7349	87
7350	630
7351	73
7352	71
7353	214
7354	342
7355	225
7356	210
7357	347
7358	135
7359	118
7360	84
7361	243
7362	83
7363	138
7364	6188
7365	86
7366	364
7367	103
7368	133
7369	112
7370	375
7371	117
7372	201
7373	308
7374	509
7375	158
7376	133
7377	109
7378	86
7379	460
7380	78
7381	70
7382	125
7383	461
7384	137
7385	87
7386	244
7387	109
7388	214
7389	90
7390	84
7391	175
7392	437
7393	44
7394	114
7395	225
7396	99
7397	240
7398	309
7399	104
7400	278
7401	282
7402	145
7403	108
7404	109
7405	571
7406	192
7407	469
7408	84
7409	127
7410	366
7411	256
7412	34
7413	116
7414	395
7415	148
7416	142
7417	76
7418	241
7419	144
7420	215
7421	38
7422	240
7423	91
7424	519
7425	450
7426	94
7427	105
7428	250
7429	334
7430	368
7431	106
7432	117
7433	162
7434	152
7435	362
7436	152
7437	94
7438	313
7439	65
7440	154
7441	130
7442	310
7443	267
7444	195
7445	72
7446	379
7447	114
7448	350
7449	321
7450	245
7451	287
7452	2117
7453	371
7454	146
7455	368
7456	1296
7457	200
7458	239
7459	230
7460	2750
7461	1745
7462	225
7463	184
7464	237
7465	266
7466	145
7467	1976
7468	798
7469	213
7470	191
7471	171
7472	2346
7473	2796
7474	2646
7475	208
7476	505
7477	459
7478	2065
7479	1371
7480	169
7481	400
7482	92
7483	2207
7484	1497
7485	254
7486	519
7487	196
7488	2529
7489	1614
7490	2387
7491	268
7492	258
7493	2349
7494	1787
7495	117
7496	265
7497	269
7498	2217
7499	1095
7500	528
7501	516
7502	167
7503	3362
7504	2974
7505	2925
7506	329
7507	419
7508	216
7509	3151
7510	3139
7511	295
7512	197
7513	336
7514	3124
7515	2510
7516	284
7517	115
7518	190
7519	430
7520	214
7521	299
7522	247
7523	184
7524	162
7525	219
7526	269
7527	190
7528	154
7529	143
7530	166
7531	276
7532	158
7533	397
7534	121
7535	174
7536	272
7537	250
7538	523
7539	256
7540	180
7541	493
7542	122
7543	186
7544	157
7545	338
7546	236
7547	208
7548	3251
7549	340
7550	588
7551	182
7552	147
7553	292
7554	112
7555	278
7556	533
7557	176
7558	193
7559	169
7560	445
7561	529
7562	276
7563	596
7564	147
7565	231
7566	254
7567	394
7568	188
7569	151
7570	486
7571	246
7572	186
7573	670
7574	237
7575	181
7576	510
7577	228
7578	325
7579	701
7580	189
7581	540
7582	319
7583	259
7584	520
7585	341
7586	292
7587	117
7588	158
7589	448
7590	199
7591	207
7592	331
7593	282
7594	462
7595	226
7596	234
7597	445
7598	165
7599	242
7600	554
7601	176
7602	627
7603	236
7604	279
7605	360
7606	217
7607	330
7608	616
7609	202
7610	555
7611	180
7612	243
7613	373
7614	129
7615	161
7616	371
7617	96
7618	700
7619	297
7620	173
7621	304
7622	208
7623	2028
7624	130
7625	195
7626	239
7627	427
7628	255
7629	276
7630	261
7631	333
7632	246
7633	180
7634	253
7635	573
7636	355
7637	206
7638	378
7639	303
7640	208
7641	393
7642	134
7643	232
7644	245
7645	161
7646	139
7647	157
7648	391
7649	310
7650	196
7651	244
7652	165
7653	146
7654	155
7655	470
7656	158
7657	378
7658	356
7659	523
7660	80
7661	88
7662	208
7663	166
7664	242
7665	252
7666	241
7667	303
7668	188
7669	165
7670	240
7671	186
7672	377
7673	200
7674	368
7675	192
7676	597
7677	702
7678	239
7679	1408
7680	728
7681	488
7682	339
7683	2159
7684	455
7685	862
7686	3836
7687	646
7688	565
7689	2328
7690	3284
7691	879
7692	169
7693	665
7694	1759
7695	1062
7696	6146
7697	818
7698	2100
7699	1636
7700	2109
7701	857
7702	964
7703	518
7704	2478
7705	1816
7706	537
7707	1496
7708	701
7709	1307
7710	2061
7711	514
7712	1307
7713	577
7714	1938
7715	945
7716	383
7717	572
7718	1159
7719	2232
7720	1600
7721	626
7722	556
7723	2523
7724	1499
7725	708
7726	1455
7727	694
7728	3331
7729	2893
7730	3224
7731	609
7732	714
7733	817
7734	2835
7735	1567
7736	1033
7737	676
7738	1775
7739	2620
7740	2035
7741	539
7742	215
7743	679
7744	1008
7745	491
7746	1439
7747	382
7748	478
7749	722
7750	765
7751	732
7752	813
7753	684
7754	727
7755	299
7756	908
7757	346
7758	716
7759	793
7760	115
7761	874
7762	306
7763	546
7764	266
7765	2484
7766	4057
7767	407
7768	1283
7769	606
7770	515
7771	395
7772	1522
7773	753
7774	535
7775	362
7776	339
7777	478
7778	591
7779	507
7780	449
7781	1222
7782	3730
7783	159
7784	558
7785	969
7786	841
7787	783
7788	1037
7789	373
7790	777
7791	168
7792	740
7793	636
7794	1487
7795	583
7796	1077
7797	191
7798	263
7799	608
7800	544
7801	557
7802	1464
7803	666
7804	629
7805	2834
7806	754
7807	1618
7808	642
7809	1143
7810	1191
7811	274
7812	352
7813	616
7814	749
7815	705
7816	499
7817	2280
7818	341
7819	677
7820	948
7821	502
7822	549
7823	588
7824	612
7825	611
7826	162
7827	625
7828	1122
7829	255
7830	2900
7831	257
7832	1007
7833	648
7834	305
7835	697
7836	342
7837	1218
7838	659
7839	243
7840	586
7841	475
7842	1278
7843	663
7844	1290
7845	638
7846	302
7847	416
7848	890
7849	689
7850	937
7851	839
7852	499
7853	751
7854	849
7855	11914
7856	541
7857	43
7858	2701
7859	183
7860	806
7861	475
7862	561
7863	1033
7864	718
7865	402
7866	879
7867	845
7868	476
7869	6469
7870	884
7871	762
7872	1564
7873	697
7874	581
7875	429
7876	779
7877	1051
7878	2696
7879	468
7880	719
7881	762
7882	1230
7883	474
7884	713
7885	908
7886	671
7887	118
7888	733
7889	926
7890	503
7891	5531
7892	499
7893	1469
7894	515
7895	910
7896	490
7897	370
7898	1002
7899	824
7900	402
7901	8684
7902	964
7903	388
7904	375
7905	343
7906	1365
7907	2057
7908	737
7909	276
7910	2585
7911	301
7912	1399
7913	407
7914	2622
7915	1208
7916	375
7917	505
7918	2789
7919	714
7920	697
7921	368
7922	1520
7923	1381
7924	365
7925	647
7926	855
7927	2273
7928	1501
7929	2964
7930	1244
7931	834
7932	2760
7933	1518
7934	687
7935	669
7936	588
7937	1988
7938	317
7939	2292
7940	964
7941	2603
7942	1024
7943	2581
7944	591
7945	307
7946	1799
7947	2676
7948	260
7949	562
7950	835
7951	2182
7952	1504
7953	243
7954	932
7955	3565
7956	3379
7957	3824
7958	451
7959	146
7960	479
7961	3392
7962	2858
7963	361
7964	437
7965	479
7966	2495
7967	2725
7968	503
7969	400
7970	982
7971	773
7972	206
7973	734
7974	148
7975	352
7976	370
7977	266
7978	956
7979	369
7980	953
7981	366
7982	214
7983	1061
7984	381
7985	608
7986	271
7987	2877
7988	617
7989	1038
7990	623
7991	564
7992	1798
7993	861
7994	268
7995	744
7996	617
7997	976
7998	473
7999	414
8000	87
8001	331
8002	487
8003	561
8004	823
8005	419
8006	105
8007	362
8008	443
8009	676
8010	56
8011	182
8012	643
8013	745
8014	158
8015	674
8016	1312
8017	730
8018	883
8019	1080
8020	375
8021	884
8022	349
8023	314
8024	674
8025	305
8026	244
8027	474
8028	1146
8029	1209
8030	1212
8031	598
8032	460
8033	441
8034	252
8035	2733
8036	1052
8037	1455
8038	194
8039	894
8040	380
8041	797
8042	1351
8043	493
8044	510
8045	212
8046	427
8047	560
8048	1561
8049	286
8050	1553
8051	300
8052	1346
8053	593
8054	1369
8055	601
8056	320
8057	517
8058	1286
8059	737
8060	1125
8061	937
8062	1673
8063	366
8064	443
8065	475
8066	873
8067	125
8068	1526
8069	266
8070	501
8071	924
8072	222
8073	797
8074	379
8075	448
8076	173
8077	696
8078	1162
8079	366
8080	655
8081	529
8082	140
8083	251
8084	896
8085	368
8086	1364
8087	277
8088	354
8089	704
8090	544
8091	241
8092	380
8093	600
8094	632
8095	320
8096	995
8097	535
8098	596
8099	444
8100	221
8101	919
8102	534
8103	3492
8104	849
8105	663
8106	529
8107	1629
8108	443
8109	973
8110	238
8111	247
8112	618
8113	330
8114	280
8115	620
8116	601
8117	274
8118	2715
8119	504
8120	238
8121	868
8122	464
8123	329
8124	201
8125	415
8126	247
8127	607
8128	5431
8129	1450
8130	451
8131	2609
8132	1932
8133	830
8134	2234
8135	1850
8136	1057
8137	3014
8138	1143
8139	3513
8140	1616
8141	1571
8142	1253
8143	398
8144	676
8145	2537
8146	2385
8147	2363
8148	559
8149	2369
8150	2261
8151	2361
8152	762
8153	743
8154	1915
8155	2648
8156	2448
8157	580
8158	2247
8159	2531
8160	852
8161	1356
8162	2255
8163	929
8164	1030
8165	1061
8166	3071
8167	3231
8168	3678
8169	1001
8170	3072
8171	2199
8172	5494
8173	3294
8174	2668
8175	4345
8176	822
8177	844
8178	260
8179	487
8180	1249
8181	723
8182	663
8183	463
8184	816
8185	5012
8186	600
8187	777
8188	1247
8189	2526
8190	198
8191	1133
8192	978
8193	122
8194	121
8195	1277
8196	448
8197	437
8198	417
8199	945
8200	1128
8201	1056
8202	894
8203	1037
8204	389
8205	1110
8206	923
8207	815
8208	741
8209	952
8210	544
8211	1377
8212	377
8213	1719
8214	1402
8215	637
8216	852
8217	191
8218	538
8219	583
8220	564
8221	218
8222	71
8223	1142
8224	183
8225	794
8226	250
8227	668
8228	469
8229	215
8230	658
8231	183
8232	332
8233	648
8234	335
8235	493
8236	558
8237	2233
8238	663
8239	743
8240	760
8241	300
8242	709
8243	465
8244	527
8245	963
8246	1511
8247	772
8248	920
8249	967
8250	392
8251	356
8252	697
8253	1119
8254	5489
8255	836
8256	2282
8257	2074
8258	1230
8259	2717
8260	1936
8261	1446
8262	1859
8263	2759
8264	2369
8265	2269
8266	1841
8267	1858
8268	763
8269	1908
8270	1824
8271	2426
8272	2099
8273	3281
8274	1405
8275	3594
8276	2696
8277	3297
8278	2793
8279	2229
8280	2903
8281	2701
8282	1423
8283	2071
8284	1717
8285	3646
8286	3349
8287	1662
8288	3350
8289	2452
8290	4813
8291	2377
8292	1727
8293	1904
8294	1982
8295	1821
8296	2292
8297	2455
8298	2043
8299	2330
8300	3030
8301	2930
8302	2992
8303	3565
8304	2364
8305	2427
8306	3491
8307	2863
8308	3715
8309	1808
8310	2082
8311	3897
8312	2030
8313	2132
8314	582
8315	3365
8316	3443
8317	2021
8318	1772
8319	2126
8320	1366
8321	2235
8322	3065
8323	1909
8324	2375
8325	2024
8326	2355
8327	3668
8328	3114
8329	2696
8330	4116
8331	3159
8332	3424
8333	2856
8334	3398
8335	1661
8336	2194
8337	2947
8338	2680
8339	2210
8340	1314
8341	3326
8342	3831
8343	3059
8344	1975
8345	1674
8346	2041
8347	3032
8348	1758
8349	2217
8350	2600
8351	1779
8352	2540
8353	4271
8354	2595
8355	3344
8356	3288
8357	2292
8358	2654
8359	2122
8360	188
8361	2715
8362	1857
8363	1690
8364	3456
8365	3220
8366	1756
8367	2059
8368	2292
8369	3866
8370	11983
8371	2587
8372	2001
8373	1444
8374	1935
8375	2369
8376	2289
8377	2267
8378	1814
8379	3939
8380	4013
8381	3570
8382	3031
8383	2172
8384	2393
8385	2525
8386	2843
8387	5505
8388	2317
8389	2808
8390	2445
8391	1944
8392	1888
8393	839
8394	3597
8395	3660
8396	2341
8397	1798
8398	1587
8399	1743
8400	2451
8401	2155
8402	2159
8403	5837
8404	3225
8405	3043
8406	3469
8407	2737
8408	3462
8409	2909
8410	3032
8411	3643
8412	1175
8413	2352
8414	2180
8415	1570
8416	3307
8417	1535
8418	1785
8419	3297
8420	3131
8421	1867
8422	1811
8423	1878
8424	1819
8425	2121
8426	2643
8427	2650
8428	3272
8429	2550
8430	2952
8431	2609
8432	3002
8433	2818
8434	2946
8435	100
8436	2170
8437	1729
8438	2691
8439	2391
8440	1919
8441	2244
8442	2861
8443	1959
8444	2154
8445	3280
8446	2142
8447	1570
8448	1873
8449	1923
8450	159
8451	2312
8452	2668
8453	4825
8454	1695
8455	3481
8456	2082
8457	2647
8458	2968
8459	3035
8460	2992
8461	6724
8462	624
8463	3939
8464	2168
8465	2681
8466	2742
8467	2651
8468	1454
8469	1083
8470	3361
8471	2379
8472	2257
8473	1953
8474	1915
8475	1502
8476	2065
8477	1334
8478	1841
8479	2108
8480	2315
8481	3745
8482	2993
8483	3543
8484	2430
8485	3010
8486	1103
8487	2665
8488	2850
8489	1617
8490	4917
8491	3034
8492	2848
8493	3696
8494	2821
8495	2153
8496	1444
8497	2498
8498	2042
8499	2081
8500	1594
8501	1595
8502	1847
8503	2340
8504	1551
8505	1721
8506	1733
8507	3666
8508	2830
8509	3916
8510	2828
8511	1932
8512	3246
8513	1819
8514	2057
8515	2693
8516	1468
8517	5769
8518	2835
8519	3004
8520	2039
8521	1981
8522	1305
8523	3625
8524	1705
8525	1536
8526	2270
8527	1763
8528	1580
8529	2158
8530	2152
8531	3273
8532	1430
8533	3158
8534	2493
8535	3280
8536	2688
8537	2638
8538	938
8539	3184
8540	2491
8541	1766
8542	3310
8543	2667
8544	3637
8545	1572
8546	725
8547	3467
8548	2860
8549	1688
8550	1689
8551	1323
8552	2546
8553	2391
8554	1710
8555	2392
8556	3397
8557	4053
8558	3892
8559	2791
8560	2914
8561	2516
8562	2947
8563	3214
8564	1711
8565	1922
8566	1262
8567	4786
8568	2255
8569	817
8570	2681
8571	2617
8572	2480
8573	1348
8574	1841
8575	2081
8576	2110
8577	1778
8578	2758
8579	3586
8580	2707
8581	2528
8582	2357
8583	2485
8584	3156
8585	2282
8586	3365
8587	1726
8588	5051
8589	2662
8590	3149
8591	2328
8592	1196
8593	2956
8594	2469
8595	2679
8596	1930
8597	1898
8598	1706
8599	1002
8600	2511
8601	1585
8602	2189
8603	2308
8604	2399
8605	3590
8606	1948
8607	2551
8608	616
8609	3513
8610	3081
8611	1463
8612	2525
8613	1795
8614	2725
8615	4161
8616	2539
8617	1797
8618	1539
8619	2471
8620	3016
8621	526
8622	143
8623	1987
8624	1589
8625	1795
8626	2148
8627	924
8628	2421
8629	1726
8630	2545
8631	2307
8632	3227
8633	3246
8634	2106
8635	2999
8636	1727
8637	3582
8638	3044
8639	3037
8640	3007
8641	2132
8642	3187
8643	2932
8644	1691
8645	1846
8646	2135
8647	2686
8648	1878
8649	1764
8650	1118
8651	1547
8652	1629
8653	1325
8654	2820
8655	2072
8656	2427
8657	2791
8658	3082
8659	4874
8660	3040
8661	2868
8662	2939
8663	3688
8664	2698
8665	2638
8666	2301
8667	1759
8668	1786
8669	3233
8670	2194
8671	1549
8672	1601
8673	3193
8674	2812
8675	1595
8676	1902
8677	1824
8678	2149
8679	1842
8680	2962
8681	1827
8682	1873
8683	2769
8684	2407
8685	2106
8686	2603
8687	3108
8688	1692
8689	3330
8690	2939
8691	3100
8692	3007
8693	1999
8694	3428
8695	2500
8696	2129
8697	1402
8698	1533
8699	2678
8700	3352
8701	625
8702	1573
8703	2173
8704	1865
8705	2600
8706	2507
8707	1435
8708	2634
8709	2891
8710	2291
8711	2839
8712	2899
8713	319
8714	2814
8715	2641
8716	1970
8717	3780
8718	1754
8719	4868
8720	3146
8721	2858
8722	1398
8723	2053
8724	2538
8725	671
8726	2916
8727	2925
8728	1649
8729	1574
8730	1850
8731	3010
8732	1494
8733	1687
8734	2534
8735	2663
8736	1873
8737	3705
8738	2415
8739	1104
8740	2510
8741	2885
8742	1998
8743	3657
8744	1654
8745	1388
8746	1735
8747	2396
8748	1545
8749	860
8750	2394
8751	1178
8752	1412
8753	2153
8754	1702
8755	2881
8756	2317
8757	2015
8758	2435
8759	3501
8760	2312
8761	3413
8762	2693
8763	3140
8764	2388
8765	2797
8766	2477
8767	1657
8768	4369
8769	2674
8770	2653
8771	2189
8772	2235
8773	2551
8774	1917
8775	1925
8776	2070
8777	1961
8778	3306
8779	1179
8780	2297
8781	2525
8782	4247
8783	2480
8784	2634
8785	3579
8786	3153
8787	2441
8788	2577
8789	3019
8790	4099
8791	2900
8792	1491
8793	808
8794	2627
8795	2104
8796	1957
8797	2042
8798	1457
8799	1931
8800	1575
8801	2371
8802	1501
8803	1945
8804	2684
8805	4003
8806	2632
8807	2063
8808	2528
8809	3422
8810	2233
8811	2946
8812	102
8813	3197
8814	2485
8815	4989
8816	3084
8817	1530
8818	1864
8819	1013
8820	2933
8821	1938
8822	1462
8823	1440
8824	2101
8825	1841
8826	1838
8827	2736
8828	1381
8829	2219
8830	2216
8831	3808
8832	2898
8833	3475
8834	3058
8835	3641
8836	2520
8837	2500
8838	3046
8839	2702
8840	2548
8841	3184
8842	3115
8843	2046
8844	1433
8845	1273
8846	2782
8847	2000
8848	1463
8849	1542
8850	1681
8851	1629
8852	530
8853	2461
8854	1693
8855	1848
8856	2795
8857	2515
8858	3257
8859	3311
8860	2761
8861	2839
8862	2224
8863	2151
8864	2471
8865	3531
8866	1327
8867	2888
8868	3041
8869	1988
8870	2185
8871	1438
8872	3912
8873	2391
8874	1789
8875	1520
8876	1704
8877	1801
8878	2943
8879	1825
8880	1950
8881	2919
8882	3072
8883	3416
8884	1179
8885	3014
8886	1885
8887	2373
8888	2737
8889	2225
8890	1451
8891	3029
8892	3164
8893	2486
8894	1456
8895	1745
8896	2655
8897	1963
8898	1537
8899	1437
8900	2127
8901	1786
8902	2930
8903	2238
8904	1583
8905	2628
8906	3135
8907	3901
8908	3173
8909	3181
8910	2930
8911	2224
8912	2972
8913	182
8914	2751
8915	3297
8916	3048
8917	2105
8918	1092
8919	2680
8920	2156
8921	1681
8922	1451
8923	1470
8924	2695
8925	2054
8926	2135
8927	2004
8928	2123
8929	2223
8930	2084
8931	3914
8932	3635
8933	976
8934	3138
8935	3012
8936	2448
8937	1111
8938	2561
8939	2491
8940	1599
8941	1660
8942	2260
8943	1917
8944	3386
8945	3034
8946	1404
8947	2450
8948	2903
8949	2691
8950	2220
8951	1954
8952	2259
8953	3206
8954	3861
8955	2959
8956	2951
8957	3079
8958	2823
8959	3136
8960	2463
8961	1890
8962	258
8963	2710
8964	1813
8965	1462
8966	2623
8967	1496
8968	4085
8969	1503
8970	1436
8971	1505
8972	2263
8973	1919
8974	1735
8975	2074
8976	2387
8977	2821
8978	1496
8979	3941
8980	2915
8981	2583
8982	2949
8983	3548
8984	1765
8985	3382
8986	2805
8987	3153
8988	2435
8989	2176
8990	3211
8991	3104
8992	2793
8993	2678
8994	1573
8995	2275
8996	2173
8997	1473
8998	2256
8999	2180
9000	2501
9001	3807
9002	4036
9003	3129
9004	2921
9005	2353
9006	2497
9007	2187
9008	2907
9009	2965
9010	3660
9011	1941
9012	2264
9013	2402
9014	3622
9015	3024
9016	3606
9017	283
9018	1495
9019	2328
9020	2710
9021	1481
9022	2040
9023	4325
9024	1853
9025	3330
9026	3450
9027	3513
9028	2333
9029	3400
9030	2952
9031	3255
9032	148
9033	91
9034	2394
9035	170
9036	132
9037	1716
9038	200
9039	247
9040	2425
9041	1559
9042	298
9043	83
9044	2285
9045	123
9046	86
9047	169
9048	1465
9049	1799
9050	126
9051	151
9052	2854
9053	2918
9054	103
9055	134
9056	125
9057	1319
9058	1421
9059	473
9060	121
9061	95
9062	2353
9063	2407
9064	252
9065	134
9066	167
9067	2390
9068	97
9069	163
9070	1651
9071	1659
9072	3278
9073	79
9074	220
9075	97
9076	3355
9077	984
9078	143
9079	115
9080	3026
9081	2887
9082	117
9083	198
9084	313
9085	1143
9086	3256
9087	3149
9088	161
9089	199
9090	133
9091	3031
9092	3319
9093	183
9094	180
9095	210
9096	57
9097	94
9098	97
9099	1322
9100	98
9101	271
9102	113
9103	111
9104	134
9105	108
9106	151
9107	139
9108	143
9109	95
9110	137
9111	103
9112	198
9113	169
9114	184
9115	315
9116	260
9117	116
9118	89
9119	253
9120	135
9121	1631
9122	95
9123	164
9124	203
9125	545
9126	221
9127	140
9128	328
9129	113
9130	500
9131	98
9132	145
9133	146
9134	160
9135	125
9136	86
9137	401
9138	127
9139	128
9140	278
9141	150
9142	2687
9143	111
9144	85
9145	231
9146	126
9147	213
9148	119
9149	105
9150	86
9151	104
9152	995
9153	118
9154	163
9155	171
9156	162
9157	126
9158	177
9159	87
9160	161
9161	125
9162	216
9163	106
9164	92
9165	542
9166	156
9167	108
9168	108
9169	110
9170	185
9171	203
9172	112
9173	154
9174	64
9175	151
9176	146
9177	138
9178	286
9179	618
9180	96
9181	119
9182	138
9183	95
9184	97
9185	101
9186	159
9187	341
9188	112
9189	327
9190	105
9191	319
9192	149
9193	105
9194	155
9195	206
9196	134
9197	108
9198	248
9199	118
9200	120
9201	173
9202	154
9203	249
9204	110
9205	1647
9206	130
9207	110
9208	232
9209	113
9210	137
9211	164
9212	124
9213	199
9214	149
9215	381
9216	146
9217	512
9218	126
9219	137
9220	174
9221	132
9222	121
9223	198
9224	5058
9225	625
9226	230
9227	172
9228	136
9229	124
9230	1676
9231	127
9232	146
9233	186
9234	135
9235	73
9236	149
9237	78
9238	101
9239	123
9240	129
9241	170
9242	110
9243	108
9244	93
9245	98
9246	115
9247	82
9248	310
9249	96
9250	108
9251	148
9252	63
9253	87
9254	119
9255	88
9256	87
9257	83
9258	76
9259	109
9260	68
9261	75
9262	127
9263	88
9264	71
9265	117
9266	82
9267	98
9268	114
9269	100
9270	95
9271	145
9272	94
9273	90
9274	127
9275	134
9276	106
9277	98
9278	106
9279	86
9280	114
9281	93
9282	117
9283	228
9284	122
9285	100
9286	95
9287	130
9288	108
9289	107
9290	115
9291	87
9292	255
9293	144
9294	82
9295	115
9296	99
9297	72
9298	98
9299	128
9300	99
9301	83
9302	103
9303	101
9304	120
9305	83
9306	106
9307	108
9308	91
9309	83
9310	97
9311	84
9312	88
9313	83
9314	139
9315	83
9316	105
9317	116
9318	86
9319	129
9320	87
9321	137
9322	80
9323	105
9324	87
9325	80
9326	63
9327	90
9328	78
9329	126
9330	80
9331	142
9332	85
9333	129
9334	89
9335	87
9336	120
9337	115
9338	106
9339	84
9340	102
9341	124
9342	99
9343	87
9344	84
9345	118
9346	90
9347	31
9348	113
9349	279
9350	92
9351	94
9352	65
9353	115
9354	107
9355	95
9356	99
9357	114
9358	85
9359	116
9360	108
9361	112
9362	85
9363	73
9364	83
9365	119
9366	69
9367	96
9368	90
9369	107
9370	188
9371	84
9372	89
9373	114
9374	116
9375	41
9376	75
9377	71
9378	66
9379	92
9380	69
9381	94
9382	80
9383	61
9384	102
9385	140
9386	105
9387	76
9388	127
9389	81
9390	104
9391	123
9392	91
9393	98
9394	95
9395	68
9396	67
9397	81
9398	102
9399	99
9400	86
9401	118
9402	118
9403	91
9404	105
9405	118
9406	136
9407	112
9408	115
9409	79
9410	122
9411	86
9412	142
9413	93
9414	77
9415	93
9416	77
9417	102
9418	81
9419	96
9420	140
9421	99
9422	61
9423	136
9424	79
9425	115
9426	106
9427	90
9428	74
9429	122
9430	98
9431	63
9432	112
9433	103
9434	84
9435	151
9436	81
9437	93
9438	122
9439	107
9440	90
9441	131
9442	88
9443	78
9444	89
9445	133
9446	79
9447	98
9448	83
9449	86
9450	164
9451	88
9452	117
9453	195
9454	111
9455	84
9456	85
9457	73
9458	96
9459	81
9460	99
9461	113
9462	191
9463	106
9464	90
9465	97
9466	95
9467	315
9468	152
9469	145
9470	76
9471	106
9472	137
9473	98
9474	88
9475	74
9476	70
9477	85
9478	109
9479	90
9480	346
9481	164
9482	57
9483	117
9484	78
9485	131
9486	88
9487	146
9488	90
9489	94
9490	99
9491	90
9492	70
9493	101
9494	118
9495	118
9496	144
9497	58
9498	86
9499	98
9500	67
9501	109
9502	98
9503	57
9504	96
9505	113
9506	89
9507	104
9508	106
9509	102
9510	116
9511	88
9512	404
9513	173
9514	97
9515	83
9516	111
9517	23
9518	79
9519	92
9520	123
9521	107
9522	70
9523	76
9524	46
9525	77
9526	138
9527	75
9528	300
9529	86
9530	105
9531	96
9532	93
9533	106
9534	58
9535	87
9536	79
9537	68
9538	166
9539	99
9540	82
9541	105
9542	91
9543	95
9544	106
9545	161
9546	105
9547	57
9548	79
9549	158
9550	65
9551	64
9552	96
9553	385
9554	135
9555	60
9556	75
9557	61
9558	121
9559	73
9560	55
9561	97
9562	85
9563	93
9564	88
9565	101
9566	68
9567	79
9568	123
9569	111
9570	94
9571	100
9572	83
9573	81
9574	56
9575	92
9576	99
9577	108
9578	92
9579	86
9580	100
9581	78
9582	79
9583	115
9584	63
9585	142
9586	76
9587	59
9588	82
9589	215
9590	63
9591	73
9592	96
9593	57
9594	92
9595	96
9596	71
9597	92
9598	80
9599	93
9600	56
9601	374
9602	65
9603	56
9604	147
9605	251
9606	115
9607	71
9608	51
9609	79
9610	114
9611	91
9612	127
9613	74
9614	112
9615	1494
9616	285
9617	72
9618	69
9619	95
9620	80
9621	81
9622	37
9623	184
9624	86
9625	114
9626	87
9627	79
9628	106
9629	96
9630	86
9631	92
9632	91
9633	82
9634	145
9635	127
9636	65
9637	149
9638	60
9639	186
9640	73
9641	160
9642	77
9643	73
9644	98
9645	123
9646	73
9647	113
9648	92
9649	129
9650	96
9651	105
9652	63
9653	163
9654	124
9655	146
9656	95
9657	245
9658	82
9659	658
9660	108
9661	67
9662	102
9663	87
9664	171
9665	79
9666	78
9667	121
9668	122
9669	812
9670	119
9671	109
9672	95
9673	107
9674	110
9675	190
9676	104
9677	97
9678	281
9679	97
9680	120
9681	75
9682	151
9683	132
9684	131
9685	74
9686	38
9687	96
9688	95
9689	87
9690	131
9691	106
9692	73
9693	101
9694	103
9695	527
9696	98
9697	162
9698	109
9699	71
9700	76
9701	115
9702	101
9703	60
9704	98
9705	84
9706	68
9707	101
9708	140
9709	73
9710	94
9711	135
9712	83
9713	229
9714	123
9715	146
9716	105
9717	88
9718	107
9719	89
9720	118
9721	139
9722	104
9723	79
9724	149
9725	93
9726	88
9727	199
9728	93
9729	88
9730	175
9731	118
9732	77
9733	265
9734	90
9735	104
9736	69
9737	70
9738	86
9739	98
9740	1392
9741	67
9742	74
9743	121
9744	86
9745	64
9746	160
9747	203
9748	78
9749	212
9750	69
9751	100
9752	70
9753	85
9754	107
9755	164
9756	82
9757	86
9758	133
9759	85
9760	110
9761	158
9762	128
9763	121
9764	66
9765	82
9766	139
9767	72
9768	177
9769	96
9770	90
9771	47
9772	88
9773	514
9774	95
9775	161
9776	116
9777	139
9778	77
9779	221
9780	102
9781	108
9782	217
9783	93
9784	98
9785	109
9786	133
9787	74
9788	125
9789	120
9790	95
9791	81
9792	374
9793	111
9794	92
9795	89
9796	142
9797	98
9798	176
9799	71
9800	74
9801	76
9802	359
9803	127
9804	80
9805	122
9806	104
9807	174
9808	135
9809	80
9810	192
9811	130
9812	55
9813	57
9814	140
9815	69
9816	230
9817	77
9818	99
9819	53
9820	111
9821	50
9822	260
9823	205
9824	74
9825	127
9826	70
9827	68
9828	66
9829	317
9830	137
9831	144
9832	160
9833	85
9834	194
9835	120
9836	123
9837	93
9838	76
9839	78
9840	59
9841	78
9842	62
9843	112
9844	126
9845	23
9846	75
9847	91
9848	90
9849	66
9850	88
9851	89
9852	80
9853	75
9854	101
9855	169
9856	71
9857	114
9858	172
9859	27
9860	179
9861	129
9862	73
9863	92
9864	61
9865	115
9866	98
9867	85
9868	165
9869	68
9870	87
9871	104
9872	71
9873	125
9874	64
9875	46
9876	128
9877	97
9878	116
9879	86
9880	287
9881	70
9882	51
9883	102
9884	85
9885	102
9886	142
9887	106
9888	69
9889	63
9890	22
9891	58
9892	417
9893	157
9894	90
9895	143
9896	53
9897	111
9898	82
9899	85
9900	121
9901	106
9902	31
9903	71
9904	94
9905	84
9906	115
9907	84
9908	373
9909	58
9910	291
9911	230
9912	186
9913	152
9914	101
9915	108
9916	50
9917	70
9918	84
9919	136
9920	252
9921	49
9922	90
9923	123
9924	70
9925	89
9926	152
9927	197
9928	140
9929	81
9930	92
9931	167
9932	158
9933	90
9934	191
9935	141
9936	92
9937	143
9938	77
9939	306
9940	42
9941	86
9942	161
9943	351
9944	116
9945	48
9946	278
9947	165
9948	126
9949	154
9950	31
9951	311
9952	29
9953	125
9954	159
9955	42
9956	117
9957	210
9958	145
9959	202
9960	110
9961	173
9962	479
9963	78
9964	183
9965	99
9966	382
9967	190
9968	59
9969	139
9970	157
9971	104
9972	105
9973	240
9974	111
9975	306
9976	142
9977	171
9978	93
9979	58
9980	117
9981	106
9982	190
9983	226
9984	148
9985	84
9986	984
9987	141
9988	146
9989	122
9990	80
9991	177
9992	74
9993	172
9994	143
9995	132
9996	187
9997	134
9998	80
9999	181
10000	105
10001	213
10002	161
10003	124
10004	123
10005	93
10006	218
10007	51
10008	129
10009	72
10010	87
10011	22
10012	98
10013	180
10014	115
10015	132
10016	92
10017	140
10018	94
10019	212
10020	72
10021	327
10022	121
10023	187
10024	77
10025	1350
10026	145
10027	98
10028	164
10029	186
10030	291
10031	96
10032	105
10033	155
10034	75
10035	123
10036	67
10037	500
10038	118
10039	179
10040	137
10041	115
10042	145
10043	117
10044	114
10045	108
10046	152
10047	161
10048	171
10049	118
10050	145
10051	149
10052	67
10053	115
10054	90
10055	80
10056	123
10057	188
10058	109
10059	209
10060	185
10061	173
10062	51
10063	59
10064	136
10065	80
10066	402
10067	167
10068	111
10069	83
10070	141
10071	1193
10072	133
10073	82
10074	83
10075	190
10076	88
10077	138
10078	155
10079	151
10080	150
10081	155
10082	201
10083	88
10084	148
10085	104
10086	121
10087	132
10088	185
10089	86
10090	298
10091	101
10092	70
10093	93
10094	86
10095	80
10096	158
10097	442
10098	170
10099	258
10100	96
10101	107
10102	120
10103	127
10104	398
10105	110
10106	222
10107	393
10108	358
10109	68
10110	100
10111	78
10112	152
10113	84
10114	146
10115	110
10116	175
10117	157
10118	276
10119	93
10120	74
10121	148
10122	125
10123	73
10124	250
10125	103
10126	208
10127	438
10128	124
10129	83
10130	162
10131	408
10132	216
10133	311
10134	129
10135	231
10136	267
10137	93
10138	206
10139	343
10140	361
10141	140
10142	265
10143	93
10144	250
10145	79
10146	517
10147	234
10148	267
10149	90
10150	174
10151	281
10152	162
10153	66
10154	146
10155	333
10156	77
10157	196
10158	97
10159	283
10160	89
10161	601
10162	85
10163	64
10164	342
10165	73
10166	71
10167	105
10168	353
10169	119
10170	423
10171	250
10172	535
10173	363
10174	201
10175	82
10176	1916
10177	139
10178	165
10179	489
10180	79
10181	120
10182	136
10183	190
10184	62
10185	263
10186	106
10187	251
10188	63
10189	357
10190	169
10191	175
10192	253
10193	117
10194	134
10195	140
10196	352
10197	138
10198	499
10199	120
10200	214
10201	250
10202	575
10203	68
10204	138
10205	251
10206	62
10207	2339
10208	214
10209	74
10210	230
10211	419
10212	106
10213	434
10214	61
10215	182
10216	567
10217	111
10218	569
10219	106
10220	668
10221	114
10222	184
10223	111
10224	326
10225	146
10226	261
10227	178
10228	1066
10229	167
10230	248
10231	101
10232	126
10233	273
10234	95
10235	443
10236	80
10237	198
10238	124
10239	346
10240	125
10241	81
10242	228
10243	74
10244	222
10245	9171
10246	137
10247	242
10248	78
10249	437
10250	95
10251	99
10252	68
10253	330
10254	129
10255	220
10256	303
10257	236
10258	831
10259	193
10260	97
10261	76
10262	773
10263	104
10264	467
10265	62
10266	216
10267	87
10268	492
10269	207
10270	214
10271	305
10272	101
10273	723
10274	121
10275	425
10276	129
10277	462
10278	124
10279	75
10280	79
10281	254
10282	171
10283	169
10284	332
10285	193
10286	246
10287	107
10288	221
10289	118
10290	516
10291	195
10292	503
10293	124
10294	162
10295	469
10296	182
10297	124
10298	100
10299	151
10300	76
10301	138
10302	116
10303	224
10304	256
10305	684
10306	84
10307	85
10308	463
10309	117
10310	172
10311	330
10312	382
10313	123
10314	211
10315	1127
10316	196
10317	103
10318	248
10319	97
10320	209
10321	16
10322	145
10323	151
10324	234
10325	135
10326	124
10327	387
10328	65
10329	309
10330	124
10331	118
10332	486
10333	285
10334	160
10335	214
10336	943
10337	265
10338	218
10339	134
10340	454
10341	341
10342	56
10343	247
10344	171
10345	389
10346	290
10347	119
10348	281
10349	283
10350	361
10351	260
10352	268
10353	197
10354	91
10355	214
10356	204
10357	470
10358	208
10359	554
10360	348
10361	230
10362	26
10363	357
10364	153
10365	228
10366	467
10367	206
10368	284
10369	223
10370	314
10371	222
10372	372
10373	105
10374	259
10375	553
10376	172
10377	175
10378	243
10379	345
10380	284
10381	178
10382	62
10383	257
10384	274
10385	256
10386	194
10387	282
10388	236
10389	274
10390	306
10391	410
10392	694
10393	233
10394	136
10395	296
10396	269
10397	135
10398	197
10399	193
10400	371
10401	277
10402	373
10403	151
10404	162
10405	546
10406	453
10407	220
10408	409
10409	187
10410	250
10411	146
10412	168
10413	271
10414	527
10415	1541
10416	189
10417	488
10418	661
10419	431
10420	475
10421	189
10422	501
10423	422
10424	359
10425	195
10426	240
10427	340
10428	217
10429	305
10430	235
10431	220
10432	263
10433	219
10434	147
10435	276
10436	400
10437	223
10438	163
10439	149
10440	71
10441	144
10442	1254
10443	173
10444	180
10445	233
10446	177
10447	502
10448	182
10449	278
10450	178
10451	400
10452	538
10453	136
10454	348
10455	344
10456	178
10457	255
10458	257
10459	170
10460	285
10461	185
10462	207
10463	212
10464	137
10465	161
10466	172
10467	129
10468	173
10469	176
10470	431
10471	256
10472	182
10473	1271
10474	206
10475	189
10476	460
10477	275
10478	269
10479	119
10480	183
10481	236
10482	314
10483	205
10484	64
10485	624
10486	298
10487	252
10488	316
10489	180
10490	549
10491	105
10492	250
10493	168
10494	522
10495	203
10496	171
10497	170
10498	272
10499	228
10500	285
10501	172
10502	185
10503	182
10504	273
10505	218
10506	505
10507	207
10508	646
10509	290
10510	463
10511	229
10512	215
10513	259
10514	270
10515	504
10516	252
10517	224
10518	194
10519	200
10520	182
10521	253
10522	202
10523	285
10524	841
10525	1141
10526	247
10527	3223
10528	522
10529	863
10530	364
10531	913
10532	744
10533	997
10534	1473
10535	376
10536	2003
10537	666
10538	1583
10539	699
10540	14099
10541	774
10542	264
10543	951
10544	1391
10545	617
10546	679
10547	642
10548	2216
10549	506
10550	685
10551	1109
10552	1271
10553	272
10554	834
10555	496
10556	873
10557	2429
10558	916
10559	777
10560	820
10561	1264
10562	637
10563	621
10564	4339
10565	698
10566	892
10567	944
10568	539
10569	586
10570	673
10571	418
10572	3398
10573	485
10574	834
10575	773
10576	692
10577	1043
10578	553
10579	1070
10580	667
10581	242
10582	476
10583	819
10584	450
10585	3680
10586	193
10587	281
10588	424
10589	3144
10590	605
10591	714
10592	896
10593	600
10594	1456
10595	387
10596	1149
10597	646
10598	1215
10599	358
10600	517
10601	221
10602	687
10603	572
10604	740
10605	3644
10606	545
10607	4193
10608	1585
10609	190
10610	641
10611	1206
10612	414
10613	912
10614	998
10615	194
10616	287
10617	896
10618	385
10619	559
10620	932
10621	1224
10622	168
10623	775
10624	596
10625	593
10626	521
10627	657
10628	1345
10629	517
10630	471
10631	2743
10632	848
10633	517
10634	692
10635	2099
10636	7768
10637	200
10638	690
10639	460
10640	518
10641	2340
10642	415
10643	614
10644	914
10645	743
10646	547
10647	691
10648	414
10649	597
10650	253
10651	610
10652	335
10653	437
10654	774
10655	493
10656	1043
10657	212
10658	729
10659	639
10660	282
10661	771
10662	725
10663	1252
10664	579
10665	179
10666	378
10667	1396
10668	576
10669	625
10670	469
10671	190
10672	506
10673	990
10674	788
10675	1020
10676	486
10677	1350
10678	817
10679	1835
10680	573
10681	954
10682	285
10683	650
10684	1262
10685	354
10686	597
10687	221
10688	2035
10689	990
10690	303
10691	849
10692	727
10693	273
10694	1222
10695	620
10696	529
10697	1351
10698	353
10699	1014
10700	571
10701	2667
10702	277
10703	6502
10704	710
10705	714
10706	571
10707	624
10708	592
10709	708
10710	174
10711	276
10712	609
10713	806
10714	1417
10715	1469
10716	457
10717	201
10718	1050
10719	399
10720	655
10721	5780
10722	420
10723	1367
10724	312
10725	2325
10726	386
10727	240
10728	777
10729	284
10730	680
10731	196
10732	420
10733	274
10734	1195
10735	423
10736	1008
10737	567
10738	561
10739	1754
10740	435
10741	919
10742	475
10743	619
10744	738
10745	784
10746	518
10747	1017
10748	586
10749	5168
10750	738
10751	276
10752	506
10753	221
10754	481
10755	1953
10756	244
10757	191
10758	1239
10759	584
10760	347
10761	828
10762	1209
10763	351
10764	1435
10765	599
10766	1155
10767	332
10768	326
10769	588
10770	751
10771	986
10772	394
10773	623
10774	183
10775	1272
10776	377
10777	516
10778	267
10779	2498
10780	1160
10781	396
10782	779
10783	612
10784	547
10785	244
10786	1074
10787	463
10788	1210
10789	764
10790	569
10791	691
10792	1970
10793	386
10794	309
10795	569
10796	664
10797	342
10798	286
10799	233
10800	649
10801	298
10802	1329
10803	372
10804	286
10805	863
10806	375
10807	368
10808	149
10809	685
10810	326
10811	351
10812	831
10813	422
10814	1462
10815	1191
10816	298
10817	462
10818	596
10819	284
10820	712
10821	804
10822	228
10823	700
10824	242
10825	724
10826	508
10827	1485
10828	490
10829	519
10830	587
10831	567
10832	344
10833	313
10834	845
10835	486
10836	1243
10837	264
10838	965
10839	502
10840	602
10841	346
10842	514
10843	393
10844	461
10845	1228
10846	628
10847	469
10848	516
10849	1891
10850	761
10851	680
10852	571
10853	615
10854	217
10855	513
10856	644
10857	1459
10858	827
10859	776
10860	587
10861	308
10862	413
10863	528
10864	681
10865	1093
10866	422
10867	261
10868	3378
10869	1045
10870	1241
10871	589
10872	394
10873	575
10874	1875
10875	245
10876	438
10877	1341
10878	194
10879	997
10880	420
10881	394
10882	196
10883	717
10884	326
10885	1658
10886	453
10887	265
10888	1111
10889	462
10890	573
10891	696
10892	938
10893	3499
10894	536
10895	396
10896	387
10897	190
10898	257
10899	790
10900	2643
10901	901
10902	814
10903	429
10904	284
10905	539
10906	814
10907	2509
10908	1220
10909	195
10910	516
10911	1756
10912	451
10913	675
10914	811
10915	644
10916	448
10917	3179
10918	1022
10919	594
10920	221
10921	337
10922	433
10923	964
10924	559
10925	325
10926	772
10927	1010
10928	610
10929	1335
10930	1220
10931	814
10932	704
10933	263
10934	1454
10935	839
10936	970
10937	961
10938	542
10939	200
10940	803
10941	1368
10942	1049
10943	598
10944	797
10945	732
10946	546
10947	303
10948	1443
10949	1025
10950	762
10951	1408
10952	878
10953	798
10954	376
10955	2897
10956	3565
10957	706
10958	1030
10959	1975
10960	1491
10961	392
10962	917
10963	463
10964	766
10965	1026
10966	1913
10967	284
10968	539
10969	1213
10970	1215
10971	678
10972	1424
10973	902
10974	113
10975	852
10976	516
10977	289
10978	552
10979	1490
10980	179
10981	582
10982	1318
10983	418
10984	1582
10985	766
10986	923
10987	689
10988	1431
10989	340
10990	352
10991	979
10992	861
10993	1707
10994	439
10995	372
10996	1486
10997	594
10998	268
10999	363
11000	119
11001	924
11002	603
11003	434
11004	357
11005	801
11006	475
11007	648
11008	386
11009	406
11010	2089
11011	650
11012	1166
11013	3298
11014	1175
11015	1267
11016	576
11017	745
11018	416
11019	600
11020	488
11021	622
11022	859
11023	262
11024	189
11025	201
11026	297
11027	97
11028	145
11029	115
11030	235
11031	167
11032	95
11033	126
11034	233
11035	85
11036	121
11037	199
11038	186
11039	86
11040	111
11041	144
11042	443
11043	99
11044	116
11045	213
11046	145
11047	2174
11048	108
11049	163
11050	306
11051	156
11052	163
11053	124
11054	252
11055	104
11056	109
11057	98
11058	155
11059	111
11060	301
11061	265
11062	107
11063	215
11064	225
11065	139
11066	98
11067	154
11068	92
11069	176
11070	117
11071	206
11072	113
11073	267
11074	280
11075	100
11076	126
11077	207
11078	100
11079	167
11080	77
11081	139
11082	127
11083	86
11084	117
11085	204
11086	136
11087	134
11088	725
11089	529
11090	166
11091	97
11092	130
11093	118
11094	177
11095	119
11096	184
11097	104
11098	1121
11099	106
11100	188
11101	139
11102	215
11103	138
11104	237
11105	119
11106	35
11107	100
11108	1182
11109	108
11110	184
11111	252
11112	189
11113	149
11114	114
11115	380
11116	128
11117	237
11118	139
11119	2513
11120	244
11121	171
11122	9284
11123	141
11124	206
11125	223
11126	194
11127	103
11128	201
11129	169
11130	511
11131	113
11132	202
11133	210
11134	73
11135	158
11136	100
11137	205
11138	108
11139	105
11140	369
11141	141
11142	318
11143	108
11144	143
11145	1284
11146	210
11147	111
11148	130
11149	132
11150	84
11151	99
11152	178
11153	91
11154	99
11155	280
11156	146
11157	495
11158	105
11159	108
11160	84
11161	114
11162	105
11163	93
11164	193
11165	116
11166	99
11167	298
11168	123
11169	209
11170	187
11171	357
11172	131
11173	122
11174	124
11175	179
11176	79
11177	140
11178	135
11179	191
11180	97
11181	247
11182	1787
11183	241
11184	78
11185	203
11186	83
11187	149
11188	129
11189	112
11190	186
11191	136
11192	158
11193	215
11194	1117
11195	508
11196	437
11197	118
11198	123
11199	128
11200	884
11201	116
11202	96
11203	504
11204	323
11205	97
11206	202
11207	131
11208	343
11209	128
11210	130
11211	67
11212	158
11213	88
11214	79
11215	86
11216	105
11217	84
11218	124
11219	100
11220	139
11221	91
11222	99
11223	303
11224	100
11225	106
11226	113
11227	85
11228	260
11229	109
11230	74
11231	109
11232	118
11233	47
11234	108
11235	86
11236	117
11237	107
11238	118
11239	85
11240	77
11241	123
11242	91
11243	89
11244	83
11245	106
11246	136
11247	106
11248	74
11249	826
11250	102
11251	104
11252	72
11253	109
11254	102
11255	97
11256	139
11257	120
11258	71
11259	126
11260	119
11261	9668
11262	123
11263	102
11264	77
11265	101
11266	157
11267	83
11268	72
11269	75
11270	81
11271	69
11272	114
11273	119
11274	112
11275	103
11276	110
11277	100
11278	111
11279	100
11280	93
11281	137
11282	88
11283	75
11284	87
11285	122
11286	69
11287	70
11288	128
11289	103
11290	100
11291	110
11292	138
11293	95
11294	77
11295	73
11296	77
11297	81
11298	115
11299	114
11300	80
11301	120
11302	124
11303	123
11304	106
11305	88
11306	132
11307	278
11308	70
11309	104
11310	83
11311	112
11312	88
11313	120
11314	80
11315	111
11316	104
11317	103
11318	90
11319	105
11320	193
11321	82
11322	119
11323	76
11324	76
11325	85
11326	107
11327	76
11328	3363
11329	108
11330	75
11331	15
11332	98
11333	63
11334	107
11335	81
11336	82
11337	87
11338	87
11339	93
11340	119
11341	86
11342	139
11343	106
11344	89
11345	95
11346	88
11347	84
11348	130
11349	108
11350	42
11351	77
11352	229
11353	92
11354	133
11355	91
11356	102
11357	94
11358	132
11359	88
11360	110
11361	118
11362	101
11363	72
11364	89
11365	193
11366	94
11367	108
11368	86
11369	85
11370	108
11371	108
11372	131
11373	105
11374	97
11375	111
11376	87
11377	126
11378	96
11379	81
11380	106
11381	74
11382	85
11383	71
11384	90
11385	92
11386	104
11387	85
11388	58
11389	129
11390	128
11391	125
11392	133
11393	88
11394	95
11395	104
11396	100
11397	128
11398	98
11399	123
11400	99
11401	87
11402	67
11403	87
11404	94
11405	110
11406	92
11407	73
11408	81
11409	114
11410	604
11411	104
11412	90
11413	100
11414	78
11415	60
11416	71
11417	114
11418	86
11419	65
11420	93
11421	106
11422	101
11423	97
11424	101
11425	95
11426	98
11427	126
11428	127
11429	82
11430	115
11431	78
11432	64
11433	103
11434	136
11435	67
11436	74
11437	91
11438	102
11439	83
11440	979
11441	93
11442	261
11443	94
11444	59
11445	78
11446	76
11447	70
11448	364
11449	88
11450	113
11451	90
11452	84
11453	105
11454	92
11455	206
11456	76
11457	167
11458	97
11459	91
11460	100
11461	98
11462	105
11463	85
11464	92
11465	106
11466	97
11467	78
11468	118
11469	166
11470	78
11471	96
11472	154
11473	198
11474	82
11475	80
11476	100
11477	107
11478	69
11479	130
11480	246
11481	63
11482	192
11483	76
11484	104
11485	91
11486	86
11487	100
11488	100
11489	89
11490	127
11491	67
11492	90
11493	111
11494	62
11495	183
11496	120
11497	78
11498	112
11499	75
11500	81
11501	76
11502	75
11503	138
11504	134
11505	54
11506	39
11507	110
11508	95
11509	280
11510	153
11511	86
11512	89
11513	86
11514	121
11515	118
11516	95
11517	65
11518	58
11519	62
11520	87
11521	74
11522	99
11523	88
11524	199
11525	84
11526	92
11527	105
11528	121
11529	69
11530	112
11531	72
11532	81
11533	57
11534	104
11535	75
11536	102
11537	111
11538	103
11539	94
11540	94
11541	99
11542	96
11543	136
11544	83
11545	71
11546	118
11547	89
11548	61
11549	106
11550	126
11551	91
11552	173
11553	65
11554	93
11555	90
11556	125
11557	109
11558	97
11559	101
11560	71
11561	118
11562	58
11563	77
11564	83
11565	81
11566	113
11567	143
11568	87
11569	139
11570	82
11571	1369
11572	64
11573	67
11574	25
11575	204
11576	67
11577	42
11578	161
11579	108
11580	128
11581	84
11582	104
11583	83
11584	140
11585	141
11586	84
11587	91
11588	135
11589	201
11590	84
11591	152
11592	127
11593	89
11594	108
11595	70
11596	82
11597	132
11598	72
11599	90
11600	95
11601	71
11602	145
11603	105
11604	72
11605	120
11606	106
11607	9637
11608	94
11609	143
11610	72
11611	76
11612	68
11613	88
11614	102
11615	67
11616	69
11617	104
11618	88
11619	99
11620	67
11621	181
11622	121
11623	81
11624	137
11625	105
11626	132
11627	115
11628	95
11629	143
11630	34
11631	91
11632	101
11633	126
11634	91
11635	226
11636	111
11637	152
11638	101
11639	104
11640	105
11641	163
11642	89
11643	151
11644	99
11645	163
11646	106
11647	79
11648	77
11649	104
11650	134
11651	97
11652	99
11653	87
11654	138
11655	100
11656	172
11657	112
11658	129
11659	78
11660	96
11661	132
11662	172
11663	89
11664	108
11665	132
11666	91
11667	673
11668	86
11669	190
11670	116
11671	619
11672	85
11673	101
11674	116
11675	58
11676	111
11677	73
11678	120
11679	101
11680	150
11681	78
11682	1403
11683	113
11684	65
11685	167
11686	115
11687	227
11688	77
11689	92
11690	117
11691	85
11692	73
11693	120
11694	97
11695	106
11696	120
11697	85
11698	256
11699	88
11700	86
11701	558
11702	76
11703	114
11704	49
11705	110
11706	108
11707	96
11708	136
11709	85
11710	88
11711	91
11712	598
11713	73
11714	203
11715	119
11716	97
11717	254
11718	79
11719	135
11720	95
11721	82
11722	168
11723	56
11724	89
11725	123
11726	65
11727	96
11728	127
11729	120
11730	61
11731	250
11732	101
11733	270
11734	67
11735	109
11736	90
11737	33
11738	172
11739	215
11740	83
11741	52
11742	63
11743	246
11744	198
11745	175
11746	133
11747	126
11748	294
11749	66
11750	95
11751	104
11752	356
11753	135
11754	89
11755	108
11756	74
11757	141
11758	94
11759	211
11760	122
11761	127
11762	114
11763	272
11764	92
11765	169
11766	68
11767	31
11768	73
11769	99
11770	83
11771	110
11772	409
11773	100
11774	114
11775	89
11776	147
11777	144
11778	110
11779	46
11780	63
11781	83
11782	77
11783	190
11784	124
11785	123
11786	86
11787	76
11788	290
11789	98
11790	68
11791	160
11792	136
11793	69
11794	87
11795	194
11796	107
11797	200
11798	75
11799	103
11800	125
11801	161
11802	270
11803	90
11804	89
11805	75
11806	62
11807	75
11808	118
11809	58
11810	129
11811	115
11812	65
11813	73
11814	557
11815	132
11816	29
11817	124
11818	53
11819	65
11820	63
11821	67
11822	122
11823	71
11824	102
11825	77
11826	141
11827	690
11828	92
11829	83
11830	78
11831	99
11832	40
11833	88
11834	81
11835	83
11836	168
11837	110
11838	80
11839	104
11840	68
11841	172
11842	68
11843	85
11844	139
11845	63
11846	109
11847	117
11848	139
11849	58
11850	95
11851	31
11852	56
11853	162
11854	55
11855	209
11856	72
11857	59
11858	23
11859	183
11860	143
11861	96
11862	90
11863	79
11864	178
11865	258
11866	110
11867	119
11868	62
11869	87
11870	16
11871	184
11872	42
11873	171
11874	91
11875	73
11876	134
11877	96
11878	105
11879	143
11880	182
11881	121
11882	83
11883	102
11884	104
11885	71
11886	156
11887	55
11888	142
11889	67
11890	160
11891	77
11892	99
11893	132
11894	129
11895	59
11896	99
11897	106
11898	107
11899	42
11900	88
11901	100
11902	928
11903	184
11904	196
11905	142
11906	124
11907	107
11908	95
11909	97
11910	154
11911	127
11912	79
11913	88
11914	49
11915	91
11916	109
11917	118
11918	166
11919	85
11920	114
11921	132
11922	195
11923	126
11924	266
11925	70
11926	116
11927	164
11928	91
11929	145
11930	101
11931	183
11932	248
11933	177
11934	1245
11935	260
11936	92
11937	120
11938	97
11939	118
11940	283
11941	120
11942	181
11943	349
11944	104
11945	160
11946	59
11947	103
11948	85
11949	41
11950	268
11951	300
11952	227
11953	168
11954	85
11955	288
11956	76
11957	216
11958	88
11959	76
11960	94
11961	152
11962	118
11963	161
11964	77
11965	85
11966	156
11967	174
11968	136
11969	92
11970	71
11971	308
11972	282
11973	92
11974	101
11975	210
11976	218
11977	140
11978	177
11979	103
11980	139
11981	82
11982	90
11983	120
11984	36
11985	77
11986	85
11987	204
11988	182
11989	124
11990	166
11991	100
11992	102
11993	232
11994	100
11995	395
11996	121
11997	64
11998	68
11999	191
12000	241
12001	76
12002	324
12003	30
12004	152
12005	330
12006	54
12007	103
12008	189
12009	128
12010	164
12011	84
12012	202
12013	136
12014	134
12015	90
12016	127
12017	201
12018	488
12019	105
12020	212
12021	160
12022	1111
12023	99
12024	554
12025	125
12026	129
12027	65
12028	40
12029	136
12030	144
12031	85
12032	53
12033	170
12034	221
12035	196
12036	146
12037	178
12038	67
12039	151
12040	90
12041	506
12042	219
12043	106
12044	141
12045	99
12046	222
12047	92
12048	95
12049	85
12050	116
12051	125
12052	64
12053	168
12054	228
12055	109
12056	92
12057	129
12058	64
12059	132
12060	69
12061	121
12062	129
12063	170
12064	93
12065	202
12066	86
12067	96
12068	48
12069	138
12070	56
12071	185
12072	91
12073	221
12074	116
12075	147
12076	63
12077	109
12078	106
12079	129
12080	237
12081	64
12082	381
12083	74
12084	94
12085	113
12086	187
12087	97
12088	134
12089	85
12090	177
12091	170
12092	223
12093	121
12094	83
12095	159
12096	105
12097	95
12098	109
12099	1363
12100	91
12101	600
12102	332
12103	98
12104	243
12105	158
12106	345
12107	320
12108	432
12109	70
12110	124
12111	496
12112	82
12113	40
12114	215
12115	338
12116	113
12117	288
12118	50
12119	668
12120	87
12121	497
12122	98
12123	184
12124	397
12125	149
12126	149
12127	110
12128	177
12129	160
12130	231
12131	93
12132	94
12133	91
12134	523
12135	102
12136	220
12137	232
12138	166
12139	412
12140	84
12141	307
12142	183
12143	407
12144	76
12145	485
12146	217
12147	10589
12148	85
12149	221
12150	164
12151	93
12152	475
12153	45
12154	113
12155	326
12156	282
12157	330
12158	119
12159	136
12160	55
12161	421
12162	150
12163	834
12164	112
12165	149
12166	930
12167	152
12168	170
12169	91
12170	498
12171	133
12172	214
12173	147
12174	407
12175	397
12176	133
12177	658
12178	74
12179	351
12180	93
12181	209
12182	196
12183	342
12184	142
12185	319
12186	212
12187	418
12188	85
12189	233
12190	76
12191	112
12192	325
12193	160
12194	469
12195	176
12196	150
12197	127
12198	394
12199	121
12200	289
12201	113
12202	282
12203	135
12204	110
12205	399
12206	71
12207	77
12208	158
12209	157
12210	137
12211	206
12212	168
12213	84
12214	298
12215	83
12216	269
12217	62
12218	284
12219	99
12220	53
12221	254
12222	58
12223	473
12224	131
12225	188
12226	246
12227	333
12228	143
12229	357
12230	127
12231	662
12232	97
12233	252
12234	144
12235	257
12236	68
12237	96
12238	106
12239	387
12240	130
12241	162
12242	118
12243	156
12244	148
12245	71
12246	46
12247	120
12248	363
12249	99
12250	215
12251	119
12252	125
12253	70
12254	315
12255	104
12256	167
12257	323
12258	173
12259	264
12260	139
12261	484
12262	317
12263	273
12264	173
12265	60
12266	424
12267	93
12268	173
12269	141
12270	160
12271	138
12272	256
12273	77
12274	254
12275	124
12276	316
12277	58
12278	348
12279	71
12280	178
12281	244
12282	279
12283	229
12284	121
12285	341
12286	86
12287	269
12288	136
12289	350
12290	196
12291	432
12292	134
12293	77
12294	350
12295	245
12296	94
12297	106
12298	132
12299	73
12300	203
12301	376
12302	101
12303	242
12304	110
12305	202
12306	854
12307	216
12308	230
12309	121
12310	229
12311	776
12312	188
12313	259
12314	469
12315	269
12316	268
12317	154
12318	161
12319	185
12320	131
12321	927
12322	470
12323	669
12324	321
12325	266
12326	856
12327	650
12328	228
12329	517
12330	123
12331	612
12332	170
12333	519
12334	502
12335	220
12336	73
12337	248
12338	214
12339	204
12340	591
12341	360
12342	201
12343	251
12344	144
12345	153
12346	366
12347	222
12348	343
12349	748
12350	145
12351	332
12352	205
12353	243
12354	467
12355	191
12356	324
12357	317
12358	164
12359	304
12360	298
12361	335
12362	90
12363	318
12364	252
12365	148
12366	288
12367	313
12368	180
12369	348
12370	468
12371	161
12372	356
12373	231
12374	186
12375	282
12376	168
12377	349
12378	174
12379	290
12380	122
12381	189
12382	411
12383	278
12384	172
12385	577
12386	380
12387	183
12388	148
12389	220
12390	596
12391	2228
12392	301
12393	909
12394	508
12395	386
12396	519
12397	496
12398	147
12399	690
12400	258
12401	216
12402	183
12403	331
12404	161
12405	93
12406	170
12407	176
12408	159
12409	386
12410	233
12411	442
12412	150
12413	704
12414	216
12415	161
12416	195
12417	175
12418	263
12419	1265
12420	277
12421	151
12422	528
12423	234
12424	308
12425	319
12426	144
12427	405
12428	398
12429	213
12430	315
12431	178
12432	246
12433	247
12434	229
12435	222
12436	162
12437	182
12438	461
12439	183
12440	110
12441	100
12442	212
12443	229
12444	155
12445	191
12446	349
12447	166
12448	405
12449	168
12450	131
12451	348
12452	259
12453	452
12454	299
12455	616
12456	246
12457	240
12458	221
12459	232
12460	190
12461	511
12462	154
12463	331
12464	202
12465	337
12466	29
12467	173
12468	171
12469	345
12470	263
12471	472
12472	165
12473	175
12474	271
12475	155
12476	176
12477	156
12478	227
12479	318
12480	251
12481	111
12482	158
12483	196
12484	245
12485	546
12486	267
12487	695
12488	266
12489	207
12490	255
12491	500
12492	187
12493	276
12494	641
12495	190
12496	107
12497	179
12498	234
12499	230
12500	150
12501	232
12502	1711
12503	2986
12504	935
12505	358
12506	953
12507	869
12508	2399
12509	617
12510	853
12511	346
12512	7409
12513	328
12514	914
12515	454
12516	418
12517	1717
12518	3500
12519	874
12520	724
12521	386
12522	2902
12523	930
12524	806
12525	672
12526	493
12527	413
12528	572
12529	451
12530	493
12531	3138
12532	247
12533	708
12534	2847
12535	642
12536	360
12537	1122
12538	1332
12539	854
12540	537
12541	1025
12542	784
12543	824
12544	769
12545	2942
12546	484
12547	931
12548	622
12549	10652
12550	306
12551	3741
12552	761
12553	521
12554	417
12555	1036
12556	777
12557	662
12558	778
12559	618
12560	149
12561	406
12562	115
12563	1379
12564	377
12565	843
12566	338
12567	369
12568	193
12569	254
12570	569
12571	2551
12572	588
12573	492
12574	947
12575	1201
12576	336
12577	346
12578	773
12579	743
12580	773
12581	327
12582	433
12583	349
12584	274
12585	418
12586	397
12587	307
12588	562
12589	1166
12590	436
12591	1029
12592	9937
12593	982
12594	563
12595	738
12596	717
12597	608
12598	503
12599	666
12600	2287
12601	880
12602	802
12603	1088
12604	162
12605	815
12606	541
12607	628
12608	2182
12609	472
12610	609
12611	2121
12612	573
12613	570
12614	941
12615	2229
12616	581
12617	152
12618	519
12619	541
12620	597
12621	797
12622	778
12623	2508
12624	468
12625	560
12626	207
12627	430
12628	750
12629	732
12630	827
12631	442
12632	265
12633	446
12634	9939
12635	581
12636	781
12637	224
12638	649
12639	1066
12640	565
12641	959
12642	510
12643	2597
12644	740
12645	198
12646	276
12647	924
12648	103
12649	730
12650	1312
12651	1182
12652	517
12653	613
12654	349
12655	1088
12656	843
12657	900
12658	528
12659	535
12660	731
12661	3670
12662	568
12663	912
12664	98
12665	716
12666	629
12667	548
12668	1870
12669	971
12670	165
12671	760
12672	739
12673	332
12674	2060
12675	737
12676	589
12677	2183
12678	558
12679	717
12680	991
12681	1665
12682	4022
12683	5005
12684	458
12685	584
12686	1049
12687	3858
12688	722
12689	3791
12690	750
12691	830
12692	1071
12693	553
12694	1075
12695	758
12696	496
12697	189
12698	1223
12699	537
12700	996
12701	1402
12702	709
12703	532
12704	573
12705	236
12706	395
12707	737
12708	425
12709	230
12710	1025
12711	1599
12712	641
12713	203
12714	1316
12715	1015
12716	1674
12717	559
12718	530
12719	2088
12720	599
12721	499
12722	311
12723	536
12724	697
12725	755
12726	301
12727	1013
12728	545
12729	1183
12730	291
12731	576
12732	457
12733	1190
12734	203
12735	256
12736	786
12737	613
12738	310
12739	560
12740	1982
12741	691
12742	405
12743	389
12744	931
12745	548
12746	636
12747	304
12748	610
12749	824
12750	609
12751	166
12752	308
12753	661
12754	439
12755	260
12756	451
12757	1451
12758	566
12759	361
12760	162
12761	650
12762	851
12763	525
12764	470
12765	569
12766	432
12767	258
12768	1752
12769	500
12770	1267
12771	351
12772	463
12773	157
12774	574
12775	783
12776	704
12777	235
12778	347
12779	231
12780	338
12781	290
12782	379
12783	825
12784	1066
12785	417
12786	228
12787	471
12788	626
12789	566
12790	337
12791	481
12792	343
12793	260
12794	326
12795	1140
12796	1057
12797	331
12798	553
12799	380
12800	1025
12801	1339
12802	673
12803	219
12804	625
12805	703
12806	454
12807	562
12808	829
12809	744
12810	426
12811	540
12812	1152
12813	573
12814	537
12815	504
12816	1403
12817	705
12818	583
12819	326
12820	769
12821	855
12822	325
12823	230
12824	791
12825	1801
12826	663
12827	525
12828	1003
12829	452
12830	1244
12831	671
12832	331
12833	449
12834	408
12835	453
12836	1100
12837	622
12838	998
12839	422
12840	479
12841	272
12842	780
12843	507
12844	478
12845	766
12846	852
12847	737
12848	422
12849	6853
12850	479
12851	994
12852	563
12853	897
12854	324
12855	292
12856	911
12857	58
12858	635
12859	413
12860	116
12861	322
12862	563
12863	318
12864	1093
12865	768
12866	324
12867	543
12868	332
12869	1546
12870	1108
12871	705
12872	439
12873	594
12874	755
12875	348
12876	395
12877	508
12878	329
12879	1007
12880	536
12881	829
12882	301
12883	625
12884	451
12885	932
12886	519
12887	937
12888	288
12889	327
12890	966
12891	320
12892	392
12893	449
12894	555
12895	887
12896	811
12897	590
12898	393
12899	1316
12900	627
12901	175
12902	1565
12903	616
12904	2475
12905	146
12906	2114
12907	801
12908	719
12909	742
12910	201
12911	929
12912	1973
12913	1612
12914	129
12915	1360
12916	1175
12917	1335
12918	369
12919	5022
12920	230
12921	848
12922	347
12923	821
12924	449
12925	439
12926	1510
12927	1085
12928	923
12929	725
12930	756
12931	191
12932	393
12933	964
12934	893
12935	947
12936	1145
12937	561
12938	657
12939	3711
12940	1261
12941	629
12942	647
12943	756
12944	610
12945	433
12946	1009
12947	1370
12948	1045
12949	1247
12950	1525
12951	178
12952	918
12953	756
12954	315
12955	347
12956	842
12957	380
12958	937
12959	2193
12960	376
12961	264
12962	631
12963	1436
12964	656
12965	4169
12966	374
12967	1769
12968	570
12969	630
12970	754
12971	973
12972	517
12973	1234
12974	294
12975	561
12976	503
12977	686
12978	838
12979	774
12980	313
12981	2173
12982	1314
12983	777
12984	278
12985	824
12986	725
12987	1489
12988	330
12989	564
12990	717
12991	536
12992	2168
12993	891
12994	180
12995	107
12996	308
12997	729
12998	593
12999	1763
13000	544
13001	79
13002	116
13003	125
13004	270
13005	70
13006	506
13007	565
13008	468
13009	50
13010	93
13011	120
13012	39
13013	49
13014	88
13015	22
13016	121
13017	72
13018	74
13019	96
13020	54
13021	57
13022	46
13023	48
13024	45
13025	371
13026	89
13027	52
13028	56
13029	59
13030	76
13031	64
13032	76
13033	65
13034	65
13035	77
13036	66
13037	177
13038	65
13039	57
13040	53
13041	95
13042	59
13043	66
13044	62
13045	78
13046	65
13047	88
13048	57
13049	67
13050	79
13051	69
13052	78
13053	65
13054	59
13055	62
13056	74
13057	61
13058	6908
13059	6652
13060	10107
13061	9908
13062	13722
13063	14148
13064	5542
13065	4771
13066	4791
13067	127
13068	60
13069	7761
13070	86
13071	195
13072	140
13073	261
13074	192
13075	3916
13076	2087
13077	196
13078	132
13079	791
13080	42
13081	88
13082	327
13083	1495
13084	27
13085	528
13086	652
13087	346
13088	569
13089	334
13090	268
13091	1623
13092	390
13093	196
13094	1473
13095	98
13096	280
13097	47
13098	66
13099	34
13100	32
13101	30
13102	22
13103	82
13104	145
13105	73
13106	32
13107	44
13108	54
13109	154
13110	58
13111	28
13112	49
13113	64
13114	54
13115	37
13116	80
13117	42
13118	115
13119	67
13120	122
13121	96
13122	75
13123	64
13124	30
13125	39
13126	11
13127	186
13128	125
13129	12
13130	82
13131	151
13132	69
13133	59
13134	29
13135	151
13136	17
13137	66
13138	513
13139	192
13140	150
13141	75
13142	67
13143	190
13144	63
13145	157
13146	128
13147	235
13148	588
13149	102
13150	112
13151	108
13152	1515
13153	171
13154	808
13155	2398
13156	30
13157	597
13158	54
13159	2973
13160	62
13161	155
13162	225
13163	1833
13164	276
13165	927
13166	127
13167	446
13168	490
13169	131
13170	112
13171	67
13172	26
13173	101
13174	22
13175	128
13176	43
13177	105
13178	23
13179	20
13180	161
13181	273
13182	202
13183	339
13184	109
13185	135
13186	83
13187	290
13188	279
13189	71
13190	191
13191	356
13192	76
13193	9998
13194	208
13195	490
13196	2960
13197	256
13198	172
13199	216
13200	676
13201	479
13202	1525
13203	2205
13204	1820
13205	98
13206	386
13207	140
13208	62
13209	103
13210	169
13211	84
13212	71
13213	58
13214	104
13215	200
13216	69
13217	108
13218	150
13219	89
13220	83
13221	78
13222	120
13223	101
13224	124
13225	122
13226	95
13227	160
13228	104
13229	115
13230	63
13231	78
13232	110
13233	91
13234	86
13235	104
13236	225
13237	162
13238	131
13239	123
13240	158
13241	106
13242	89
13243	146
13244	133
13245	155
13246	127
13247	91
13248	107
13249	134
13250	157
13251	187
13252	129
13253	137
13254	145
13255	114
13256	95
13257	127
13258	98
13259	51
13260	79
13261	87
13262	76
13263	70
13264	662
13265	47
13266	53
13267	77
13268	45
13269	85
13270	63
13271	94
13272	37
13273	78
13274	466
13275	63
13276	166
13277	83
13278	243
13279	137
13280	52
13281	275
13282	145
13283	488
13284	210
13285	153
13286	193
13287	167
13288	225
13289	55
13290	100
13291	97
13292	64
13293	72
13294	249
13295	188
13296	238
13297	307
13298	11
13299	9
13300	64
13301	95
13302	56
13303	82
13304	272
13305	61
13306	80
13307	31
13308	71
13309	74
13310	21
13311	111
13312	112
13313	121
13314	86
13315	77
13316	62
13317	123
13318	76
13319	125
13320	134
13321	73
13322	182
13323	81
13324	216
13325	157
13326	52
13327	141
13328	178
13329	9
13330	42
13331	36
13332	50
13333	36
13334	59
13335	57
13336	58
13337	94
13338	77
13339	65
13340	120
13341	82
13342	136
13343	144
13344	477
13345	261
13346	374
13347	446
13348	447
13349	974
13350	290
13351	809
13352	308
13353	740
13354	651
13355	1208
13356	249
13357	50
13358	54
13359	88
13360	649
13361	52
13362	79
13363	59
13364	28
13365	26
13366	28
13367	14
13368	42
13369	235
13370	275
13371	321
13372	473
13373	908
13374	1386
13375	374
13376	573
13377	487
13378	934
13379	638
13380	955
13381	493
13382	748
13383	685
13384	423
13385	656
13386	267
13387	404
13388	581
13389	507
13390	985
13391	1158
13392	820
13393	1235
13394	717
13395	1098
13396	859
13397	1125
13398	557
13399	931
13400	622
13401	644
13402	515
13403	414
13404	276
13405	218
13406	347
13407	114
13408	37
13409	962
13410	1228
13411	612
13412	264
13413	574
13414	524
13415	627
13416	980
13417	531
13418	339
13419	404
13420	771
13421	578
13422	1071
13423	693
13424	353
13425	750
13426	1079
13427	935
13428	299
13429	564
13430	885
13431	322
13432	511
13433	181
13434	322
13435	352
13436	356
13437	681
13438	1001
13439	52
13440	2338
13441	1864
13442	593
13443	272
13444	381
13445	400
13446	911
13447	15
13448	34
13449	335
13450	302
13451	468
13452	458
13453	389
13454	494
13455	598
13456	483
13457	487
13458	548
13459	533
13460	381
13461	409
13462	356
13463	322
13464	644
13465	359
13466	259
13467	378
13468	336
13469	489
13470	486
13471	249
13472	304
13473	371
13474	580
13475	581
13476	470
13477	375
13478	456
13479	510
13480	449
13481	582
13482	736
13483	461
13484	521
13485	583
13486	531
13487	524
13488	569
13489	508
13490	111
13491	133
13492	103
13493	103
13494	128
13495	126
13496	79
13497	53
13498	76
13499	19
13500	54
13501	348
13502	459
13503	478
13504	406
13505	605
13506	507
13507	428
13508	550
13509	544
13510	838
13511	678
13512	636
13513	558
13514	639
13515	879
13516	539
13517	751
13518	1566
13519	1035
13520	1245
13521	1328
13522	962
13523	1244
13524	896
13525	773
13526	11
13527	15
13528	224
13529	258
13530	245
13531	290
13532	254
13533	289
13534	280
13535	260
13536	335
13537	364
13538	224
13539	42
13540	344
13541	266
13542	260
13543	311
13544	243
13545	338
13546	229
13547	297
13548	18
13549	15
13550	286
13551	208
13552	190
13553	304
13554	159
13555	164
13556	140
13557	98
13558	226
13559	145
13560	230
13561	256
13562	15
13563	501
13564	44
13565	358
13566	334
13567	18
13568	166
13569	250
13570	232
13571	91
13572	303
13573	13
13574	180
13575	146
13576	79
13577	420
13578	89
13579	19
13580	199
13581	91
13582	309
13583	195
13584	160
13585	73
13586	58
13587	56
13588	82
13589	57
13590	66
13591	116
13592	184
13593	86
13594	103
13595	106
13596	83
13597	93
13598	118
13599	65
13600	87
13601	82
13602	117
13603	105
13604	100
13605	90
13606	55
13607	56
13608	79
13609	53
13610	56
13611	84
13612	41
13613	68
13614	66
13615	137
13616	51
13617	125
13618	99
13619	112
13620	165
13621	172
13622	258
13623	381
13624	174
13625	308
13626	244
13627	218
13628	133
13629	149
13630	189
13631	247
13632	230
13633	200
13634	127
13635	177
13636	161
13637	155
13638	144
13639	231
13640	153
13641	114
13642	102
13643	166
13644	157
13645	153
13646	153
13647	218
13648	143
13649	57
13650	105
13651	102
13652	109
13653	102
13654	97
13655	159
13656	262
13657	298
13658	139
13659	237
13660	197
13661	99
13662	346
13663	85
13664	87
13665	39
13666	273
13667	34
13668	11
13669	13
13670	378
13671	76
13672	36
13673	38
13674	72
13675	35
13676	47
13677	61
13678	18
13679	89
13680	66
13681	90
13682	64
13683	10
13684	383
13685	206
13686	562
13687	65
13688	186
13689	215
13690	206
13691	357
13692	63
13693	233
13694	60
13695	259
13696	151
13697	394
13698	262
13699	346
13700	307
13701	204
13702	511
13703	139
13704	172
13705	190
13706	167
13707	206
13708	271
13709	244
13710	361
13711	103
13712	449
13713	113
13714	97
13715	73
13716	116
13717	175
13718	172
13719	11
13720	28
13721	39
13722	61
13723	85
13724	99
13725	62
13726	9
13727	9
13728	11
13729	11
13730	10
13731	9
13732	10
13733	12
13734	9
13735	11
13736	10
13737	12
13738	9
13739	12
13740	9
13741	15
13742	10
13743	9
13744	11
13745	102
13746	83
13747	18
13748	64
13749	25
13750	29
13751	15
13752	17
13753	46
13754	48
13755	103
13756	153
13757	83
13758	89
13759	91
13760	75
13761	48
13762	92
13763	87
13764	85
13765	116
13766	50
13767	92
13768	76
13769	48
13770	505
13771	577
13772	455
13773	266
13774	27
13775	59
13776	29
13777	34
13778	22
13779	82
13780	31
13781	42
13782	14
13783	13
13784	116
13785	243
13786	482
13787	289
13788	412
13789	61
13790	24
13791	13
13792	61
13793	51
13794	12
13795	58
13796	30
13797	28
13798	64
13799	25
13800	30
13801	28
13802	32
13803	36
13804	105
13805	227
13806	353
13807	243
13808	98
13809	213
13810	357
13811	46
13812	17
13813	24
13814	23
13815	16
13816	74
13817	30
13818	48
13819	36
13820	52
13821	74
13822	50
13823	42
13824	29
13825	22
13826	50
13827	230
13828	181
13829	216
13830	160
13831	212
13832	127
13833	186
13834	138
13835	52
13836	34
13837	319
13838	4
13839	3
13840	6
13841	17
13842	25
13843	19
13844	507
13845	418
13846	1038
13847	1563
13848	42
13849	67
13850	75
13851	52
13852	34
13853	24
13854	30
13855	18
13856	21
13857	33
13858	26
13859	20
13860	96
13861	47
13862	51
13863	41
13864	15
13865	42
13866	29
13867	33
13868	64
13869	66
13870	96
13871	57
13872	53
13873	43
13874	39
13875	37
13876	29
13877	39
13878	35
13879	40
13880	62
13881	2
